origin,166,85,107,130,60,159,20,146,58,63,12,19,25,35,43,48,76,82,108,122,123,124,137,143,147,158,163,165,175,191,71,118,106,127,28,186,2,142,188,125,112,145,47,78,8,129,157,41,24,93,170,86,169,21,88,105,185,104,193,179,68,22,180,49,176,87,116,84,131,103,72,187,178,70,6,77,128,119,160,154,69,174,4,44,26,90,94,117,51,114,109,150,65,75,120,62,10
166,0.0,638.19,1418.06,2834.08,2490.15,2730.29,760.22,1150.75,1222.89,1572.63,2393.52,764.15,790.78,987.38,2138.46,312.95,775.78,931.52,1469.62,1698.63,1990.02,1919.21,1496.08,790.33,959.87,2639.11,439.3,257.64,503.11,1708.3,85.84,855.86,418.08,2686.54,882.8,1434.33,887.94,746.1,1425.68,2701.7,233.99,1083.44,279.0,1090.99,2291.65,2791.23,2882.07,2228.21,899.91,1363.38,90.37,727.22,114.94,693.62,620.95,532.5,1418.49,535.34,1514.63,514.75,622.11,825.71,452.87,166.25,611.47,659.45,907.28,713.44,2682.77,447.84,575.79,1525.7,403.01,615.04,839.04,686.42,2888.67,1741.53,2924.78,2838.56,803.74,616.12,915.96,264.63,876.32,1198.5,1247.07,1039.17,1169.29,1031.55,1399.5,1017.52,1389.66,800.15,2006.62,1496.47,2309.91
85,638.63,0.0,855.03,2222.85,1878.92,2153.97,740.72,1161.17,754.81,988.91,1715.48,530.13,214.45,513.79,1527.23,621.55,355.61,293.62,829.79,1087.4,1378.79,1342.89,884.85,287.06,795.67,2062.79,948.09,851.08,685.15,1145.28,578.35,282.97,286.56,2048.64,246.94,933.27,552.8,358.14,862.65,2063.8,464.07,1050.41,652.47,453.09,1653.76,2153.33,2305.75,1616.98,707.49,787.06,637.6,90.3,722.95,563.43,61.93,207.25,855.47,110.62,951.6,558.13,124.44,610.7,565.14,555.11,523.74,161.41,330.96,79.48,2044.87,204.0,277.81,1013.87,643.96,203.54,507.15,266.53,2277.44,1107.78,2273.11,2186.89,245.45,639.88,456.34,536.38,239.34,622.18,670.74,462.85,531.39,455.23,658.47,735.47,813.33,433.16,1369.63,920.15,1631.87
107,1414.55,855.13,0.0,1718.47,1237.94,1909.96,1009.22,1360.74,347.78,902.41,1011.64,789.5,901.04,504.36,1297.37,1208.23,1133.37,552.94,148.64,877.93,1148.93,1202.38,697.62,625.01,955.71,1961.34,1780.57,1688.91,1118.75,371.55,1335.69,992.72,1115.39,1431.85,827.56,314.09,720.18,700.6,218.25,1447.01,1236.94,1249.98,1266.45,506.43,1036.97,1536.54,2204.3,1227.81,897.64,1101.1,1433.27,897.93,1517.35,858.91,917.58,1053.14,93.89,948.54,150.67,1026.64,852.6,860.61,1063.46,1249.19,959.91,1007.68,985.61,819.18,1428.08,1021.31,1128.66,333.06,1155.02,857.46,682.92,1059.28,1632.47,779.93,2043.26,1957.04,667.91,1049.53,590.37,1155.76,755.66,941.67,858.28,1117.5,400.71,965.1,167.1,811.68,880.36,1250.44,933.92,917.55,928.03
130,2830.31,2216.68,1717.27,0.0,568.39,679.18,2678.74,3030.26,2017.29,1498.54,904.0,2459.02,2058.03,2166.04,740.93,2845.39,2320.9,1985.56,1611.17,1133.64,911.55,1265.77,1339.49,2286.69,2625.23,823.73,3065.69,2968.68,2788.27,1718.77,2784.89,2118.63,2451.17,365.11,1997.38,1922.55,2389.7,2362.27,1826.71,271.49,2680.32,2919.5,2876.31,1809.72,792.11,178.02,837.45,810.54,2567.16,1829.65,2773.01,2165.85,2858.37,2528.43,2272.33,2348.59,1739.01,2326.87,1677.79,2688.31,2337.76,2530.13,2725.13,2771.36,2629.43,2195.21,2041.74,2284.33,459.78,2420.25,2316.19,1919.33,2808.33,2367.9,2352.44,2246.82,92.56,1202.25,628.61,604.32,2269.89,2719.05,2252.04,2760.22,2025.43,1958.28,1800.37,2165.02,1757.85,2038.02,1720.6,2481.2,1757.9,2437.98,1068.41,1550.06,953.09
60,2523.45,1909.82,1236.59,566.53,0.0,934.93,2198.06,2549.59,1536.62,1191.68,466.59,1978.34,1751.17,1685.36,457.43,2389.23,2014.05,1585.73,1130.49,826.78,604.69,943.68,1032.63,1806.01,2144.55,1014.36,2758.83,2661.82,2307.6,1309.97,2478.03,1811.77,2144.31,279.9,1690.52,1441.87,1909.02,1881.59,1346.03,295.07,2373.46,2438.82,2447.44,1401.21,311.43,384.59,1167.39,328.47,2086.49,1630.51,2466.16,1859.0,2551.51,2047.75,1965.48,2041.74,1258.33,2020.01,1197.11,2207.63,1913.81,2049.45,2244.45,2430.18,2148.75,1888.35,1734.88,1852.97,284.94,2113.39,2009.33,1438.65,2336.02,1948.14,1871.76,1939.96,480.52,759.99,1011.45,982.0,1848.9,2238.37,1771.36,2336.76,1718.57,1634.77,1493.52,1801.59,1307.48,1731.17,1239.92,2000.52,1451.04,2131.12,591.91,1243.2,514.96
159,2727.51,2151.31,1910.31,679.14,936.61,0.0,2702.58,3123.03,2210.34,1171.82,1397.22,2491.99,1961.27,2232.15,618.48,2771.21,2158.64,1907.93,1791.03,1056.01,819.93,851.78,1261.86,2246.55,2707.82,154.45,2962.89,2865.87,2839.0,1978.67,2682.09,1881.01,2348.36,1033.89,1889.46,2115.6,2450.5,2321.55,2019.76,940.26,2575.38,3012.27,2792.2,1732.1,1242.07,843.81,233.74,776.01,2623.07,1415.66,2670.21,2063.05,2755.56,2538.33,2198.12,2245.79,1932.06,2260.28,1869.61,2711.98,2278.3,2572.56,2719.0,2666.42,2677.6,2092.41,1828.61,2224.86,1128.55,2344.12,2213.39,2107.35,2797.82,2357.39,2404.85,2144.02,761.33,1134.47,211.6,125.38,2192.26,2793.74,2347.31,2686.04,1947.8,1544.29,1473.66,1751.03,1680.22,1711.31,1812.15,2674.25,1444.71,2073.73,1033.89,1223.35,1490.04
20,786.56,740.94,1009.5,2679.62,2199.09,2709.29,0.0,446.43,664.53,1624.64,1920.07,227.12,955.39,514.63,2096.71,468.68,1091.51,821.14,1055.93,1656.87,1948.26,1964.19,1454.32,460.12,176.83,2673.97,1218.79,1037.13,258.33,1127.37,675.01,1023.9,716.45,2393.0,940.61,880.19,284.46,407.64,883.46,2408.16,687.68,379.12,521.35,988.39,1998.11,2497.69,2916.93,2111.65,157.47,1527.99,850.87,831.24,894.43,213.53,797.82,787.71,950.33,705.84,1003.82,272.55,645.62,184.12,326.63,621.05,232.88,897.31,1071.89,676.88,2389.23,668.31,879.85,931.47,385.89,569.58,343.69,1002.43,2593.62,1611.86,2842.59,2756.37,564.28,148.02,436.7,538.02,874.33,1363.11,1387.04,1203.78,1066.69,1196.16,985.81,309.22,1484.04,1104.22,1895.06,1586.41,1836.46
146,1177.26,1161.81,1361.17,3031.29,2550.76,3130.16,447.19,0.0,1015.72,2045.51,2271.26,647.99,1376.26,869.69,2517.57,859.38,1512.37,1242.01,1410.99,2077.74,2369.13,2385.05,1875.19,880.99,410.9,3094.84,1609.49,1427.83,649.03,1360.76,1065.71,1444.77,1148.68,2744.66,1361.48,1170.42,637.32,828.51,1237.46,2759.83,1078.38,161.46,912.05,1409.26,2349.78,2849.36,3337.8,2540.63,471.35,1948.86,1241.57,1252.11,1285.13,657.4,1218.69,1227.69,1301.52,1133.98,1355.0,704.78,1066.49,576.23,763.0,1011.75,683.64,1318.18,1492.76,1097.75,2726.61,1100.54,1321.43,1164.86,776.59,997.72,731.96,1423.3,2945.28,2030.31,3263.46,3177.24,985.15,567.43,791.77,928.71,1295.2,1783.98,1807.91,1624.65,1436.76,1617.03,1340.87,548.49,1904.9,1589.92,2246.73,2007.28,2187.65
58,1221.86,733.41,347.26,2017.38,1536.85,2208.87,663.94,1015.43,0.0,1209.85,1257.35,491.96,799.66,287.26,1596.28,968.25,1011.65,551.46,485.26,1176.83,1447.84,1501.28,1039.53,474.05,610.39,2259.18,1629.61,1496.22,821.22,503.35,1143.0,891.33,964.42,1730.75,726.17,243.03,422.65,549.64,220.73,1745.92,1085.98,904.66,1038.56,566.99,1335.87,1835.44,2502.14,1526.71,552.33,1229.23,1240.58,776.21,1324.66,561.37,793.45,902.18,287.61,797.58,341.09,739.06,701.64,515.29,806.56,1056.5,662.37,892.94,884.23,678.3,1712.69,870.35,1006.94,334.4,884.11,706.5,385.38,937.56,1931.37,1078.84,2342.16,2255.94,516.95,752.0,377.22,963.07,654.28,1069.81,1015.53,1016.12,641.96,1008.5,445.96,466.36,1069.24,1128.72,1232.82,1171.62,1173.73
63,1571.41,985.13,902.54,1503.35,1193.49,1171.11,1617.32,2037.77,1208.32,0.0,1380.5,1406.73,805.17,1146.89,807.74,1613.84,1062.0,822.67,758.19,437.76,616.61,371.38,259.78,1161.29,1622.56,1079.92,1806.79,1709.78,1666.92,1238.16,1525.99,724.91,1192.27,1467.42,748.32,1183.27,1365.24,1236.29,1087.44,1482.58,1419.29,1927.01,1644.76,646.83,1213.88,1572.11,1322.88,897.48,1537.81,482.06,1514.11,906.95,1599.47,1453.07,1040.78,1089.69,985.12,1095.32,975.99,1539.9,1106.21,1487.3,1546.92,1510.33,1505.52,936.31,672.51,1052.78,1472.46,1188.03,1057.29,1198.8,1625.73,1185.31,1319.58,987.92,1557.95,505.23,1365.59,1279.37,1107.0,1621.65,1262.05,1528.67,849.39,486.33,345.07,653.14,605.24,565.16,779.31,1663.81,302.6,1074.98,797.91,94.76,1296.88
12,2388.85,1716.64,1011.41,901.21,472.98,1401.88,1922.39,2273.87,1260.9,1380.74,0.0,1750.41,1728.06,1478.66,871.17,2182.53,1972.66,1447.64,923.79,963.35,1018.43,1285.36,1151.49,1599.31,1868.84,1481.3,2663.41,2566.4,2079.67,863.01,2309.99,1788.65,2001.87,540.77,1617.29,1168.8,1681.09,1674.9,1072.96,643.4,2196.79,2163.11,2240.74,1282.66,265.68,731.83,1634.34,742.21,1810.77,1773.21,2407.57,1737.22,2491.65,1819.82,1810.43,1963.36,1022.55,1825.93,892.86,1997.51,1812.45,1773.74,2037.75,2223.48,1920.82,1846.97,1711.76,1768.52,503.76,1919.31,1967.95,1049.49,2129.32,1817.31,1643.83,1898.58,815.21,874.23,1519.41,1448.95,1642.21,2010.45,1564.67,2130.06,1563.52,1704.54,1601.5,1854.16,1198.92,1727.96,1033.23,1677.49,1579.94,2089.74,630.6,1432.86,172.11
19,766.18,530.23,789.65,2459.77,1979.24,2498.58,226.07,646.52,491.72,1413.93,1747.27,0.0,744.68,294.77,1885.99,483.86,880.79,610.43,836.07,1446.16,1737.55,1753.47,1243.61,249.41,281.02,2463.26,1180.89,1079.29,336.82,990.2,687.31,813.19,690.9,2173.14,729.9,703.17,146.71,196.93,710.65,2188.3,660.45,535.75,554.16,777.68,1778.26,2277.83,2706.22,1969.1,192.84,1317.28,823.64,620.53,874.75,76.97,587.11,607.0,754.34,502.4,831.01,254.67,434.91,96.05,322.16,602.51,177.98,686.6,861.18,466.17,2169.37,559.56,696.66,794.53,399.71,366.14,123.83,791.72,2373.76,1401.15,2631.88,2545.66,353.57,267.6,216.85,515.56,663.62,1152.4,1176.33,993.07,855.98,985.45,765.95,279.11,1273.32,958.34,1675.21,1375.7,1663.65
25,790.14,213.93,917.83,2061.33,1717.41,1962.64,957.21,1377.66,817.61,804.98,1726.28,746.61,0.0,624.5,1365.71,833.84,280.73,342.91,842.69,925.88,1217.27,1151.56,723.33,503.54,1012.15,1871.46,1025.51,928.5,901.63,1208.08,744.71,123.36,410.99,1991.33,145.42,996.07,769.28,574.63,925.46,2006.5,638.01,1266.89,854.83,485.75,1664.55,2096.03,2114.42,1455.46,923.97,595.73,732.84,125.68,818.19,779.91,260.75,308.42,918.27,322.91,1014.41,774.61,340.92,827.18,781.63,729.05,740.23,155.03,139.63,287.49,1996.38,406.75,276.02,1076.67,860.44,420.02,723.63,206.64,2115.92,968.78,2157.12,2070.9,401.44,856.36,657.43,748.66,201.31,430.85,479.41,271.52,540.42,263.9,707.76,951.95,622.0,397.8,1261.46,728.82,1642.66
35,986.41,512.35,505.17,2167.53,1687.0,2231.25,514.41,869.12,286.34,1146.6,1480.64,294.68,625.51,0.0,1618.66,780.09,815.06,399.82,556.74,1178.83,1470.22,1486.14,976.28,245.59,491.08,2195.92,1401.14,1260.77,623.94,799.16,907.55,726.47,735.96,1880.9,574.54,518.33,233.75,288.06,516.54,1896.07,857.51,758.36,838.31,549.85,1486.02,1985.6,2438.89,1675.85,406.33,1109.1,1005.13,570.71,1089.21,364.09,569.07,673.72,505.61,569.11,601.75,541.78,473.18,367.68,610.71,821.05,465.09,668.56,719.36,453.92,1877.13,641.89,784.96,609.69,702.28,478.03,188.1,740.97,2081.52,1176.05,2364.54,2278.32,292.57,554.72,101.41,727.62,502.65,949.68,949.74,851.25,582.51,843.63,486.62,444.66,1005.99,940.3,1382.97,1108.37,1397.03
43,2139.28,1525.65,1296.91,745.07,458.62,617.48,2089.18,2509.63,1596.94,807.51,870.33,1878.59,1367.0,1618.75,0.0,2154.37,1629.88,1294.53,1177.63,442.61,220.52,559.51,648.46,1633.15,2094.42,696.91,2374.66,2277.65,2171.87,1365.27,2093.86,1427.6,1760.14,732.55,1306.35,1502.19,1837.1,1708.15,1406.36,747.71,1989.29,2398.87,2185.28,1118.69,629.2,837.24,849.95,162.61,2009.67,1205.12,2081.99,1474.83,2167.34,1924.93,1581.31,1657.57,1318.66,1635.84,1256.21,2044.85,1646.74,1959.16,2038.48,2080.33,2010.46,1504.18,1350.71,1593.3,737.59,1729.22,1625.16,1493.95,2117.3,1676.88,1791.45,1555.79,799.67,521.07,750.78,664.56,1578.86,2126.6,1733.91,2069.19,1334.4,1250.6,1109.35,1417.42,1066.82,1347.0,1198.75,2060.85,1066.87,1746.95,420.49,859.03,876.64
48,306.7,618.09,1210.13,2848.38,2391.96,2770.78,468.06,858.59,968.87,1614.45,2185.6,484.4,831.27,774.56,2152.76,0.0,874.21,891.53,1261.69,1712.93,2004.32,1955.23,1510.38,582.41,667.71,2679.6,739.63,557.97,210.96,1467.34,227.84,899.78,483.37,2585.86,872.47,1180.31,608.19,538.18,1217.76,2601.03,268.36,791.28,75.74,1058.77,2190.98,2690.55,2922.56,2182.03,607.76,1403.87,383.07,707.12,415.27,413.86,600.84,580.48,1210.57,505.36,1306.71,235.0,586.08,545.96,173.12,173.88,331.72,673.73,947.77,654.2,2582.09,453.33,674.22,1271.68,103.9,493.89,600.97,767.52,2786.48,1682.24,2898.64,2812.42,682.59,323.96,703.13,129.52,864.87,1238.99,1287.56,1079.66,1137.07,1072.04,1191.58,737.77,1473.97,898.58,1944.09,1580.81,2101.99
76,779.19,355.6,1134.73,2325.37,1981.44,2157.17,1092.36,1512.81,1034.51,1063.92,1972.87,881.77,282.07,816.14,1629.75,879.58,0.0,575.47,1089.28,1189.92,1481.31,1410.5,987.37,638.7,1147.31,2065.99,1014.56,917.55,932.47,1424.98,733.76,348.06,400.04,2255.37,374.09,1212.97,904.44,709.78,1142.36,2270.54,627.06,1402.05,843.88,721.33,1911.14,2360.06,2308.95,1719.5,1059.13,783.52,721.89,273.87,807.24,915.07,306.75,294.4,1135.17,360.03,1231.31,832.99,476.08,962.34,790.09,718.1,875.38,233.76,398.57,430.99,2260.41,426.27,201.23,1293.57,868.91,549.54,858.79,92.34,2379.96,1232.82,2351.66,2265.44,597.09,991.52,807.98,767.46,423.91,689.79,738.35,497.53,787.04,522.84,940.32,1087.11,880.95,120.77,1525.5,987.76,1889.26
82,931.49,294.19,558.84,1989.82,1567.85,1906.8,813.32,1233.77,551.29,822.14,1447.34,602.73,325.25,399.03,1294.21,892.49,574.49,0.0,555.97,854.38,1145.77,1161.69,651.83,357.29,850.71,1871.47,1240.95,1143.94,896.0,941.76,871.22,416.92,579.42,1780.49,251.76,729.75,593.38,432.28,659.14,1795.66,756.93,1123.01,923.41,185.89,1385.61,1885.19,2114.43,1309.15,765.96,740.43,930.46,339.05,1015.81,649.06,356.63,500.11,651.95,403.48,707.43,768.99,366.69,683.3,762.62,860.76,734.6,448.8,409.82,305.85,1776.72,496.86,569.78,810.35,841.43,401.01,547.73,500.41,1981.12,809.36,2040.09,1953.87,303.0,850.74,449.46,807.32,179.87,581.0,581.07,541.7,264.19,534.09,384.66,776.06,681.54,691.56,1071.21,783.91,1363.73
108,1466.51,830.56,148.9,1611.85,1131.32,1789.06,1055.32,1410.04,485.05,757.04,924.96,835.6,842.52,556.32,1176.47,1260.19,1087.13,550.86,0.0,757.03,1028.03,1062.11,552.25,676.97,1031.99,1821.07,1777.32,1740.87,1164.85,487.77,1387.65,903.12,1152.9,1325.22,731.75,426.13,774.67,752.56,330.29,1340.39,1274.45,1299.28,1318.41,397.13,930.34,1429.92,2064.03,1121.19,947.24,928.26,1485.23,851.69,1569.31,905.01,893.0,1036.48,231.48,939.85,216.6,1078.6,890.11,908.6,1115.41,1301.15,1006.01,961.44,826.23,846.18,1321.45,1058.82,1082.42,445.15,1206.98,894.97,729.02,1013.04,1525.84,659.03,1922.36,1836.14,719.87,1095.63,642.33,1207.72,677.99,819.0,712.91,968.63,313.38,842.43,110.41,948.96,734.99,1204.2,827.29,772.18,841.35
122,1699.14,1085.51,877.22,1137.73,827.87,1054.7,1649.04,2069.48,1177.25,432.28,966.67,1438.44,926.86,1178.6,442.11,1714.22,1189.73,854.39,757.94,0.0,293.67,326.42,208.31,1193.0,1654.27,1085.38,1934.51,1837.5,1731.72,1035.84,1653.71,987.45,1319.99,1101.79,866.2,1082.5,1396.95,1268.0,986.66,1116.96,1549.14,1958.72,1745.14,678.55,814.14,1206.49,1328.34,531.86,1569.52,902.41,1641.84,1034.68,1727.19,1484.78,1141.16,1217.42,898.96,1195.69,836.52,1604.7,1206.59,1519.01,1598.33,1640.19,1570.32,1064.03,910.56,1153.15,1106.84,1289.07,1185.02,1109.11,1677.15,1236.73,1351.3,1115.64,1192.32,105.49,1188.0,1101.78,1138.72,1686.46,1293.76,1629.05,894.25,881.03,740.13,1012.61,626.67,926.77,779.05,1641.15,722.94,1306.8,398.17,515.1,883.06
123,1990.8,1377.17,1148.43,915.51,605.65,819.0,1940.7,2361.15,1448.46,615.27,1017.36,1730.11,1218.52,1470.26,219.89,2005.88,1481.39,1146.05,1029.15,294.13,0.0,367.27,499.98,1484.67,1945.94,819.66,2226.18,2129.17,2023.38,1307.05,1945.38,1235.87,1611.66,879.57,1157.87,1353.71,1688.61,1559.66,1257.87,894.74,1840.81,2250.38,2036.8,970.21,776.23,984.27,1062.62,309.64,1861.19,1038.96,1933.5,1326.34,2018.85,1776.44,1432.82,1509.08,1170.17,1487.36,1107.73,1896.37,1498.25,1810.68,1890.0,1931.85,1861.98,1355.7,1174.41,1444.81,884.62,1580.74,1476.68,1380.32,1968.81,1528.39,1642.96,1407.31,970.1,372.58,952.29,866.07,1430.38,1978.12,1585.42,1920.71,1185.92,1058.36,917.11,1225.17,918.34,1154.75,1050.26,1912.36,874.63,1598.46,446.34,666.79,1023.67
124,1917.15,1340.95,1201.64,1273.34,943.9,852.84,1956.65,2377.1,1501.67,371.41,1284.15,1746.05,1150.91,1486.21,558.15,1960.85,1407.74,1162.0,1063.99,326.48,367.03,0.0,515.92,1500.61,1961.88,761.65,2152.52,2055.51,2007.64,1360.27,1871.72,1070.65,1538.0,1217.83,1089.05,1406.92,1704.56,1575.61,1311.09,1233.0,1765.02,2266.33,1981.84,986.16,1114.49,1322.53,1004.62,647.9,1877.14,751.65,1859.85,1252.69,1945.2,1792.39,1387.76,1435.43,1223.39,1449.92,1160.94,1880.62,1446.94,1826.62,1887.64,1856.06,1846.24,1282.05,1018.25,1393.5,1222.87,1533.76,1403.03,1433.54,1966.46,1526.03,1658.91,1333.66,1327.94,429.91,1047.32,961.1,1446.33,1962.38,1601.37,1875.68,1201.86,814.5,673.25,981.32,934.29,910.9,1085.1,2003.13,630.78,1403.16,620.43,422.94,1200.54
137,1496.71,883.08,698.3,1343.39,999.47,1260.37,1446.61,1867.06,1037.61,260.56,1151.34,1236.02,724.43,976.18,647.78,1511.8,987.3,651.96,553.95,207.95,499.34,515.26,0.0,990.58,1451.85,1274.22,1732.09,1635.08,1529.29,1009.0,1451.29,785.03,1117.57,1273.4,663.78,979.03,1194.52,1065.58,883.19,1288.56,1346.72,1756.3,1542.71,476.12,959.5,1378.09,1517.18,737.52,1367.1,699.98,1439.41,832.25,1524.77,1282.36,938.73,1014.99,780.88,993.27,809.68,1402.28,1004.17,1316.59,1395.91,1437.76,1367.89,861.61,708.14,950.73,1278.44,1086.65,982.59,1022.0,1474.73,1034.3,1148.87,913.22,1397.99,250.84,1393.66,1307.44,936.29,1484.03,1091.34,1426.62,691.83,678.61,537.7,810.19,424.25,724.34,575.07,1493.1,520.52,1104.38,543.53,312.68,1067.73
143,789.25,287.24,627.5,2289.86,1809.33,2247.26,458.14,878.59,474.46,1162.6,1602.97,247.54,501.69,245.38,1634.67,582.93,637.8,359.11,679.06,1194.84,1486.23,1502.15,992.29,0.0,523.75,2211.93,1157.0,1063.61,528.35,917.75,710.39,570.2,491.82,2003.23,478.57,705.74,266.42,77.1,635.13,2018.39,613.37,767.82,641.15,526.35,1608.35,2107.92,2454.89,1649.61,439.0,1062.26,807.97,377.54,892.05,293.88,344.12,429.58,627.94,324.97,724.08,401.34,229.04,328.11,438.15,623.89,366.95,443.61,606.16,241.99,1999.46,397.75,560.01,786.34,529.72,233.89,220.77,548.73,2203.85,1149.82,2380.55,2294.33,102.25,483.09,169.96,530.46,412.3,897.38,925.0,738.05,604.65,730.43,608.95,449.1,1022.0,715.35,1411.67,1124.37,1519.36
147,986.57,795.87,955.2,2625.32,2144.79,2706.69,176.87,410.23,609.75,1622.04,1865.29,282.05,1010.32,490.88,2094.1,668.68,1146.44,850.72,1032.18,1654.27,1945.66,1961.58,1451.72,523.39,0.0,2671.36,1418.79,1237.14,458.33,954.79,875.02,1078.83,956.55,2338.7,1000.92,764.45,258.51,462.57,831.49,2353.86,887.68,299.46,721.36,1026.67,1943.82,2443.39,2914.33,2134.66,104.61,1582.92,1050.88,886.17,1094.44,318.66,852.75,872.65,895.55,768.04,949.04,514.08,700.55,193.97,572.31,821.06,419.66,952.24,1126.82,731.81,2320.64,825.2,962.3,758.89,585.89,631.78,353.14,1057.36,2539.32,1686.79,2839.98,2753.76,624.6,376.74,412.96,738.02,934.65,1418.04,1400.64,1258.71,1057.95,1251.09,962.06,142.52,1481.43,1223.98,1840.77,1583.81,1781.68
158,2635.68,2059.48,1960.54,815.37,1004.92,153.34,2666.63,3087.08,2257.63,1080.0,1465.53,2456.03,1869.44,2196.19,686.8,2679.38,2066.81,1871.98,1807.5,1085.38,819.02,759.95,1274.82,2210.59,2671.86,0.0,2871.06,2774.05,2747.17,2046.99,2590.26,1789.18,2256.54,1170.12,1797.63,2165.82,2414.54,2285.59,2069.98,1076.49,2483.56,2976.31,2700.37,1696.14,1310.38,980.04,279.08,844.33,2587.11,1323.83,2578.38,1971.22,2663.74,2502.37,2106.3,2153.96,1982.28,2168.45,1919.84,2620.16,2186.47,2536.6,2627.17,2574.6,2585.77,2000.58,1736.78,2133.03,1208.42,2252.3,2121.56,2192.43,2705.99,2265.57,2368.89,2052.19,897.56,1188.81,343.99,261.61,2156.31,2701.91,2311.35,2594.21,1898.69,1452.46,1381.83,1659.2,1654.55,1619.48,1828.61,2713.11,1352.88,1981.91,1102.2,1131.52,1558.36
163,440.71,946.74,1786.24,3067.9,2723.97,2964.11,1194.5,1585.03,1598.08,1806.45,2661.92,1177.65,1024.6,1401.12,2372.28,747.23,1009.6,1240.06,1810.88,1932.45,2223.84,2153.03,1729.9,1156.84,1394.14,2872.93,0.0,176.49,937.39,2076.49,520.12,1089.68,691.38,2997.9,1116.62,1864.48,1289.31,1121.28,1793.87,3013.07,605.93,1517.72,713.28,1399.53,2600.2,3102.6,3115.89,2462.03,1303.91,1597.2,381.39,987.41,334.51,1107.12,924.42,767.91,1786.68,843.88,1882.82,926.23,939.52,1239.21,861.03,600.53,1024.98,893.27,1141.1,1021.98,2991.31,787.68,809.61,1945.08,837.29,957.81,1214.22,920.24,3122.49,1975.35,3158.6,3072.38,1115.22,1050.39,1326.11,670.52,1166.44,1432.32,1480.89,1272.99,1477.84,1265.37,1604.91,1431.02,1623.48,1033.97,2268.03,1730.29,2578.31
165,258.74,850.76,1733.28,2971.93,2628.0,2868.14,1012.53,1403.06,1497.25,1710.48,2565.95,1076.83,928.62,1261.74,2276.31,565.26,913.63,1144.09,1757.91,1836.48,2127.87,2057.06,1633.93,1064.69,1212.18,2776.96,176.36,0.0,755.42,2023.53,338.15,993.71,594.3,2901.93,1020.65,1708.69,1188.49,1020.46,1740.9,2917.09,505.1,1335.75,531.31,1303.56,2504.22,3006.62,3019.92,2366.06,1152.22,1501.23,280.56,891.44,152.54,1006.29,828.45,671.94,1733.72,747.91,1829.85,825.41,843.55,1138.38,760.2,418.56,924.15,797.3,1045.13,926.01,2895.33,687.9,713.63,1800.06,655.32,873.56,1113.4,824.26,3026.52,1879.38,3062.62,2976.4,1062.26,868.42,1190.31,569.7,1070.47,1336.35,1384.91,1177.02,1381.86,1169.4,1508.94,1330.19,1527.5,938.0,2172.06,1634.32,2482.34
175,529.16,685.19,1119.73,2789.85,2309.32,2783.44,259.77,650.31,821.8,1670.34,2077.35,337.34,899.64,624.85,2170.85,211.27,930.15,895.29,1166.15,1731.02,2022.41,2011.13,1528.47,527.73,459.42,2747.97,961.38,779.73,0.0,1320.28,417.61,968.15,557.41,2503.22,928.37,1033.25,456.26,483.49,1040.73,2518.38,456.96,583.0,263.95,1062.53,2108.34,2607.91,2990.93,2185.8,399.47,1472.24,572.84,775.49,637.03,297.04,656.78,636.42,1084.42,561.3,1161.09,131.32,600.33,368.04,143.96,363.65,194.81,729.66,1016.14,645.82,2499.45,509.27,730.15,1107.35,134.88,508.14,453.91,823.46,2703.84,1686.0,2916.73,2830.51,644.32,115.67,546.93,307.3,920.77,1307.36,1355.92,1148.03,1140.83,1140.41,1096.03,597.01,1529.87,954.52,1947.85,1636.71,1993.73
191,1703.83,1144.41,370.33,1716.47,1311.17,1999.24,1126.51,1360.06,502.96,1238.2,863.67,994.74,1190.33,793.65,1386.65,1497.51,1422.65,942.12,487.15,1036.6,1307.61,1361.05,1008.95,914.3,955.02,2078.67,2069.85,1978.2,1302.17,0.0,1624.97,1282.0,1404.67,1356.03,1116.84,307.69,893.8,989.88,300.09,1458.65,1526.22,1249.29,1555.73,914.68,1110.19,1547.09,2231.7,1301.04,1014.9,1413.78,1722.55,1187.21,1806.63,1064.15,1206.86,1342.42,316.75,1237.82,258.69,1241.84,1141.88,977.86,1309.33,1538.47,1165.15,1296.96,1274.9,1108.46,1319.01,1310.59,1417.94,197.25,1386.89,1146.74,888.16,1348.57,1630.47,938.61,2132.53,2046.31,957.19,1232.94,879.65,1445.05,1044.95,1304.52,1198.43,1406.78,798.9,1327.95,595.93,827.62,1220.51,1539.72,1007.14,1290.32,780.05
71,83.93,577.75,1338.72,2787.88,2443.95,2684.09,682.86,1073.4,1143.55,1526.43,2314.19,684.81,744.58,908.05,2092.26,235.59,729.58,871.08,1390.28,1652.43,1943.82,1873.01,1449.88,710.99,882.51,2592.91,516.86,335.2,425.76,1628.96,0.0,809.66,357.64,2626.1,836.6,1354.99,808.6,666.76,1346.34,2641.26,154.65,1006.09,201.65,1030.55,2231.21,2730.79,2835.87,2182.01,822.56,1317.18,174.09,666.78,192.5,614.28,560.51,471.49,1339.16,474.9,1435.29,435.41,561.67,746.37,373.53,86.91,532.14,607.09,861.08,653.0,2622.33,387.4,529.58,1446.36,325.65,535.7,759.7,640.22,2842.47,1695.33,2878.58,2792.36,724.4,538.76,836.62,185.29,815.88,1152.3,1200.86,992.97,1108.85,985.35,1320.16,938.18,1343.46,753.95,1946.18,1450.27,2230.57
118,857.56,285.21,991.4,2120.78,1776.85,1882.79,1028.48,1448.93,891.18,725.13,1785.72,817.89,125.71,706.57,1425.16,905.11,349.38,416.48,902.13,985.33,1235.89,1071.7,782.78,574.82,1083.43,1791.6,1092.93,995.92,972.9,1281.65,812.13,0.0,478.41,2050.78,204.62,1069.64,840.55,645.9,999.03,2065.94,705.43,1338.17,922.25,545.19,1723.99,2155.47,2034.57,1514.91,995.25,515.88,800.26,196.95,885.61,851.19,332.02,375.84,991.84,394.18,1087.98,845.89,412.2,898.46,852.9,796.47,811.5,224.88,62.86,358.76,2055.82,476.6,344.66,1150.24,931.72,491.29,794.9,275.29,2175.37,1028.23,2077.27,1991.05,475.17,927.64,744.09,819.94,274.88,350.99,399.56,191.66,599.86,184.05,809.23,1023.23,542.15,466.45,1320.91,648.96,1702.11
106,419.11,286.28,1122.3,2454.24,2110.31,2350.45,715.89,1148.24,966.1,1192.79,2001.47,691.02,410.94,737.17,1758.62,482.67,395.94,579.61,1146.93,1318.79,1610.18,1539.37,1116.24,492.89,956.56,2259.27,691.72,593.02,557.3,1412.54,358.83,476.02,0.0,2334.62,502.96,1200.53,772.75,552.51,1129.92,2349.79,244.55,1080.93,461.37,739.08,1939.74,2439.32,2502.23,1848.37,868.38,983.54,363.56,340.51,448.92,629.39,277.52,124.5,1122.73,183.42,1218.87,457.82,275.57,771.59,414.91,335.59,557.27,249.21,527.44,361.53,2330.85,115.17,195.94,1281.13,493.73,327.1,697.66,306.58,2508.83,1361.69,2544.94,2458.72,451.28,592.55,662.16,363.25,524.41,818.66,867.22,659.33,817.38,651.71,944.46,959.25,1009.82,420.31,1654.7,1116.63,1917.85
127,2685.56,2048.26,1430.11,365.14,281.23,1033.9,2391.58,2743.11,1730.14,1466.88,540.49,2171.86,2026.37,1878.88,732.63,2582.75,2289.25,1779.25,1324.01,1101.98,879.89,1218.89,1307.83,1999.53,2338.07,1178.46,3034.03,2937.02,2501.12,1355.26,2625.28,2086.97,2333.49,0.0,1965.72,1661.04,2102.54,2075.11,1565.21,107.32,2511.0,2632.34,2640.96,1614.28,472.09,195.76,1192.17,603.67,2280.01,1905.71,2684.52,2068.84,2769.88,2241.27,2142.04,2294.97,1451.85,2157.55,1390.63,2401.15,2128.24,2242.97,2437.97,2623.7,2342.27,2163.55,2010.08,2067.4,91.96,2250.93,2284.53,1541.74,2529.54,2162.57,2065.28,2215.16,279.13,1035.2,983.34,959.05,2042.42,2431.89,1964.88,2530.28,1895.14,1909.97,1768.72,2076.79,1530.53,2006.37,1433.44,2194.04,1726.25,2406.32,846.08,1518.41,589.57
28,882.17,245.77,826.55,2001.06,1657.13,1891.37,935.21,1355.66,726.33,750.86,1627.18,724.62,144.77,574.07,1305.44,874.49,372.76,251.63,743.59,865.61,1157.0,1091.65,663.06,479.18,1002.23,1800.19,1117.55,1020.54,927.56,1116.8,823.7,205.09,503.03,1931.06,0.0,904.79,744.91,554.17,834.18,1946.23,709.41,1244.89,905.41,375.63,1565.45,2035.75,2043.15,1395.19,901.97,619.74,824.87,217.71,910.22,805.85,301.43,400.45,826.99,355.96,923.13,800.55,366.86,805.19,807.56,800.46,766.16,247.07,197.99,313.42,1956.56,449.34,368.05,985.39,886.38,445.96,699.26,298.68,2055.65,908.51,2051.32,1965.1,403.24,882.3,624.5,789.32,110.03,460.32,460.38,329.88,441.34,322.26,626.85,927.58,610.39,489.84,1201.19,717.23,1543.56
186,1435.81,933.55,311.57,1935.56,1455.03,2127.05,881.85,1172.76,243.35,1181.32,1166.15,705.92,979.47,518.88,1514.46,1182.21,1211.79,731.26,425.78,1095.02,1366.02,1419.47,976.53,703.44,767.72,2178.42,1858.99,1710.18,1035.18,305.76,1356.95,1071.14,1193.81,1658.52,905.98,0.0,636.6,779.02,97.37,1664.1,1315.36,1062.0,1252.52,718.66,1254.05,1753.63,2421.39,1444.9,770.24,1313.32,1454.53,976.35,1538.62,775.33,996.0,1131.56,227.24,1026.96,275.31,953.02,931.02,733.2,1020.51,1270.45,876.33,1086.1,1064.04,897.6,1621.5,1099.74,1207.08,110.1,1098.07,935.88,599.34,1137.71,1849.56,997.02,2260.34,2174.12,746.33,965.95,608.84,1177.03,834.09,1153.9,1099.62,1195.92,726.05,1177.32,414.12,615.0,1153.34,1328.87,1151.0,1255.71,1082.54
2,912.75,552.85,720.76,2390.88,1910.35,2449.95,284.38,637.17,422.84,1365.3,1678.38,146.74,767.3,234.14,1837.36,607.65,903.42,593.98,775.44,1397.53,1688.92,1704.84,1194.98,266.65,259.12,2414.63,1288.72,1187.12,455.32,893.58,833.89,835.81,772.28,2104.26,744.18,634.28,0.0,252.89,641.77,2119.42,768.28,526.41,677.95,769.93,1709.37,2208.95,2657.59,1900.22,174.37,1303.26,931.47,643.15,1015.56,200.76,609.73,688.38,685.45,583.77,762.13,378.45,494.65,135.73,445.95,726.3,301.77,709.22,871.77,507.6,2100.49,640.93,825.62,697.68,523.5,447.51,96.4,814.34,2304.88,1394.76,2583.24,2497.02,367.86,386.1,156.22,653.97,677.91,1162.99,1143.9,1003.66,801.21,996.04,705.32,230.8,1224.69,980.96,1606.32,1327.07,1594.77
142,744.95,357.28,702.83,2365.18,1884.65,2326.08,406.0,826.45,567.38,1241.43,1678.29,195.41,571.73,287.97,1713.49,538.63,707.85,437.93,754.39,1273.66,1565.05,1580.97,1071.11,76.91,460.95,2290.75,1120.92,1019.31,484.05,993.07,666.09,640.24,552.85,2078.55,557.4,781.06,251.97,0.0,710.45,2093.72,608.07,715.69,596.85,605.18,1683.67,2183.25,2533.71,1728.44,372.77,1141.08,763.67,447.58,847.75,241.75,414.16,468.95,703.26,364.34,799.4,357.04,297.23,275.98,393.85,579.59,322.65,513.65,684.98,312.03,2074.78,421.5,558.6,861.66,485.42,228.09,176.89,618.77,2279.17,1228.64,2459.37,2373.15,181.07,438.79,212.58,486.16,491.12,976.2,1003.83,816.87,683.48,809.25,684.27,458.53,1100.82,785.39,1490.5,1203.19,1594.68
188,1422.12,862.7,215.61,1839.6,1359.07,2031.09,882.73,1237.1,221.25,1085.36,1070.2,710.76,908.61,511.93,1418.51,1215.8,1140.94,660.41,329.82,999.06,1270.06,1323.51,880.57,632.58,832.06,2082.47,1788.14,1696.48,1040.01,301.02,1343.26,1000.29,1122.95,1562.56,835.13,97.25,641.44,708.17,0.0,1568.14,1244.51,1126.33,1274.02,632.97,1158.1,1657.67,2325.43,1348.94,771.12,1227.64,1440.84,905.49,1524.92,780.16,925.14,1060.71,131.28,956.11,179.35,957.85,860.17,734.08,1071.02,1256.76,881.17,1015.24,993.18,826.74,1525.54,1028.88,1136.22,177.85,1102.9,865.03,604.18,1066.85,1753.6,901.07,2164.39,2078.17,675.48,970.79,597.94,1163.33,763.23,1068.21,1013.94,1125.07,640.36,1091.64,318.16,684.54,1067.65,1258.01,1055.05,1100.5,986.58
125,2703.91,2066.61,1448.46,270.28,299.58,939.04,2409.93,2761.46,1748.49,1485.23,647.12,2190.21,2044.72,1897.23,750.98,2601.1,2307.6,1797.6,1342.36,1120.33,898.24,1237.23,1326.18,2017.88,2356.42,1083.6,3052.38,2955.37,2519.47,1461.9,2643.63,2105.32,2351.84,108.24,1984.07,1653.74,2120.89,2093.46,1557.9,0.0,2529.35,2650.69,2659.31,1632.63,523.3,90.32,1097.31,622.02,2298.36,1924.06,2702.87,2087.19,2788.23,2259.62,2160.39,2313.32,1470.2,2175.9,1408.98,2419.5,2146.59,2261.32,2456.32,2642.05,2360.62,2181.9,2028.43,2085.75,202.9,2269.28,2302.88,1650.52,2547.89,2180.92,2083.63,2233.51,184.27,1053.55,888.48,864.19,2060.77,2450.24,1983.23,2548.63,1913.49,1928.32,1787.07,2095.14,1548.88,2024.72,1451.79,2212.39,1744.59,2424.67,864.43,1536.75,696.21
112,232.81,463.28,1243.03,2684.92,2340.99,2577.3,687.79,1078.33,1076.74,1419.64,2191.57,656.31,637.78,857.9,1989.3,268.61,622.78,756.61,1267.66,1549.47,1840.86,1766.21,1346.92,613.62,887.44,2486.11,604.31,502.7,457.4,1533.27,153.94,702.86,243.17,2511.62,709.01,1321.27,767.98,608.72,1250.65,2526.79,0.0,1011.02,233.4,916.08,2116.74,2616.32,2729.07,2079.05,782.57,1210.39,247.06,552.31,331.14,585.78,446.03,357.02,1243.47,360.42,1339.6,404.89,447.19,717.87,339.69,107.62,503.64,492.61,754.29,538.53,2507.85,272.93,422.79,1401.86,345.82,383.31,692.89,533.42,2739.51,1569.85,2771.78,2685.56,572.01,543.69,782.89,149.19,701.41,1045.5,1094.07,886.17,994.38,878.56,1197.54,909.68,1236.66,647.15,1831.7,1343.47,2107.95
145,1110.79,1050.85,1250.21,2920.33,2439.8,3019.21,380.72,161.93,904.76,1934.56,2160.3,537.03,1265.3,758.73,2406.62,792.91,1401.42,1131.06,1300.03,1966.79,2258.18,2274.1,1764.24,770.03,299.95,2983.88,1543.02,1361.36,582.56,1249.8,999.24,1333.82,1082.21,2633.71,1250.52,1059.46,526.36,717.55,1126.5,2648.87,1011.91,0.0,845.58,1298.3,2238.82,2738.4,3226.84,2429.67,360.39,1837.91,1175.1,1141.15,1218.66,573.64,1107.73,1127.63,1190.56,1023.03,1244.05,638.31,955.53,465.28,696.53,945.28,617.17,1207.22,1381.81,986.79,2615.65,1034.07,1217.28,1053.9,710.12,886.77,621.0,1312.34,2834.33,1919.35,3152.5,3066.28,874.2,500.96,680.81,862.25,1184.25,1673.02,1696.96,1513.69,1325.8,1506.08,1229.92,437.53,1793.95,1478.96,2135.77,1896.32,2076.69
47,271.86,649.78,1268.62,2880.07,2450.44,2793.28,521.71,912.24,1038.66,1646.14,2244.09,554.19,853.77,837.95,2184.46,75.45,838.77,923.22,1320.18,1744.62,2036.01,1982.2,1542.07,640.9,721.35,2702.1,704.79,523.14,264.6,1558.87,193.0,918.85,459.15,2644.35,904.16,1250.11,677.98,596.66,1276.24,2659.51,231.94,844.93,0.0,1090.47,2249.47,2749.04,2945.06,2213.73,661.4,1426.37,348.23,738.81,380.44,483.66,632.54,573.0,1269.06,537.05,1365.19,304.79,617.77,615.75,242.91,139.04,401.52,708.6,970.27,685.89,2640.58,485.02,638.77,1341.47,165.5,525.59,689.6,749.4,2844.97,1713.93,2930.34,2844.12,714.28,377.6,766.52,134.96,896.56,1261.49,1310.05,1102.16,1168.77,1094.54,1250.07,807.56,1452.65,863.14,1975.79,1559.46,2160.47
78,1090.81,453.5,505.65,1812.38,1401.11,1729.35,980.12,1400.57,565.71,644.7,1281.8,769.53,486.01,548.55,1116.76,1059.29,719.64,185.47,398.21,676.93,968.32,984.24,474.38,524.09,1026.09,1694.03,1400.27,1303.26,1062.8,887.18,1030.53,546.61,738.73,1614.95,364.26,717.03,768.76,599.08,631.71,1630.12,916.25,1289.81,1090.21,0.0,1220.07,1719.65,1936.99,1142.41,941.34,650.48,1089.77,484.2,1175.12,815.86,515.95,659.43,620.81,562.8,616.0,935.79,533.49,850.1,929.42,1007.29,901.4,593.95,498.28,472.65,1611.18,656.18,714.93,797.62,1008.24,567.81,723.11,645.56,1815.57,642.61,1862.65,1776.43,469.8,1017.54,624.84,974.12,310.5,491.05,450.38,640.68,97.45,514.48,303.79,951.44,504.09,836.72,904.46,606.47,1198.18
8,2292.66,1655.36,1037.21,792.64,312.11,1241.01,1998.69,2350.21,1337.24,1217.92,265.36,1778.96,1666.77,1485.98,630.16,2189.85,1911.38,1386.36,931.11,812.07,777.42,1116.41,963.25,1606.63,1945.17,1320.43,2602.12,2505.11,2108.22,1110.6,2232.39,1727.37,1940.59,471.28,1556.0,1242.49,1709.64,1682.22,1146.66,521.18,2118.1,2239.44,2248.06,1221.38,0.0,610.7,1473.47,501.2,1887.11,1657.34,2291.63,1675.94,2376.98,1848.37,1749.14,1902.07,1058.95,1764.65,997.73,2008.26,1735.35,1850.07,2045.07,2230.8,1949.37,1785.69,1650.48,1674.5,432.97,1858.03,1906.67,1239.27,2136.64,1769.67,1672.38,1837.3,706.63,722.96,1312.11,1288.08,1649.53,2038.99,1571.99,2137.38,1502.24,1643.25,1540.22,1792.88,1137.63,1666.68,1040.55,1801.14,1477.88,2028.45,453.18,1270.04,313.74
129,2790.73,2153.43,1535.28,176.81,386.4,842.53,2496.75,2848.28,1835.31,1572.05,734.61,2277.03,2131.54,1984.05,837.8,2687.92,2394.42,1884.42,1429.18,1207.15,985.06,1324.05,1413.0,2104.7,2443.24,987.09,3139.2,3042.19,2606.29,1549.39,2730.45,2192.14,2438.65,195.73,2070.89,1740.56,2207.71,2180.28,1644.72,93.14,2616.17,2737.51,2746.13,1719.45,610.12,0.0,1000.8,708.84,2385.18,1965.83,2789.69,2174.01,2875.05,2346.44,2247.21,2400.14,1557.02,2262.72,1495.8,2506.32,2233.41,2348.14,2543.14,2728.87,2447.44,2268.72,2115.25,2172.57,290.39,2356.1,2389.7,1737.34,2634.71,2267.74,2170.45,2320.33,105.69,1140.36,791.97,767.68,2147.59,2537.06,2070.05,2635.45,2000.3,2015.14,1873.89,2181.96,1635.7,2111.54,1538.61,2299.21,1831.41,2511.49,951.25,1623.57,783.7
157,2878.71,2302.51,2142.48,837.61,1168.78,233.74,2909.66,3330.1,2500.66,1323.03,1629.39,2699.06,2112.47,2439.22,850.65,2922.41,2309.84,2115.01,2023.2,1328.4,1062.05,1002.98,1517.85,2453.62,2914.89,279.4,3114.09,3017.08,2990.2,2210.84,2833.29,2032.21,2499.57,1192.35,2040.66,2347.77,2657.57,2528.62,2251.93,1098.73,2726.59,3219.34,2943.4,1939.17,1474.24,1002.27,0.0,1008.18,2830.14,1566.86,2821.41,2214.25,2906.76,2745.4,2349.33,2396.99,2164.23,2411.48,2101.78,2863.19,2429.5,2779.63,2870.2,2817.63,2828.8,2243.61,1979.81,2376.06,1287.01,2495.33,2364.59,2339.52,2949.02,2508.6,2611.92,2295.22,919.8,1366.64,221.74,292.55,2399.34,2944.94,2554.38,2837.24,2141.72,1695.49,1624.86,1902.23,1897.58,1862.51,2044.32,2956.14,1595.91,2224.94,1266.06,1374.55,1722.21
41,2228.48,1614.85,1206.1,814.99,329.82,775.05,2167.58,2519.1,1506.13,896.71,741.53,1947.85,1456.2,1654.87,162.46,2182.41,1719.07,1308.58,1100.0,531.81,309.72,648.71,737.66,1647.2,2114.06,854.48,2463.86,2366.85,2185.92,1279.49,2183.06,1516.8,1849.34,603.75,1395.55,1411.38,1878.53,1722.2,1315.55,618.91,2078.49,2408.33,2213.32,1144.0,500.4,708.44,1007.51,0.0,2056.0,1335.53,2171.18,1564.02,2256.54,1938.98,1670.5,1746.76,1227.84,1725.04,1166.62,2058.9,1656.6,2018.96,2052.53,2169.53,2024.52,1593.38,1439.91,1682.5,608.79,1818.42,1714.36,1408.16,2131.35,1690.93,1841.27,1644.99,804.37,502.78,908.34,822.12,1592.91,2140.65,1740.88,2097.23,1423.6,1339.8,1198.54,1506.61,1050.27,1436.19,1181.23,1970.03,1156.07,1836.15,334.7,948.23,790.86
24,926.46,707.54,897.23,2567.35,2086.82,2622.0,157.53,470.56,551.77,1537.35,1807.32,193.72,921.99,406.19,2009.41,608.58,1058.1,766.03,947.49,1569.58,1860.97,1876.89,1367.03,438.71,104.91,2586.68,1304.04,1177.03,398.23,1014.61,814.91,990.5,868.21,2280.72,907.21,767.43,173.82,374.23,770.7,2295.88,783.6,359.79,661.25,941.98,1885.84,2385.41,2829.64,2076.68,0.0,1494.59,946.79,797.84,1034.33,230.33,764.42,784.31,837.57,679.71,891.06,408.02,612.22,109.28,448.29,728.63,331.33,863.9,1038.49,643.48,2262.66,736.86,873.96,818.71,525.79,543.45,268.45,969.02,2481.34,1566.81,2755.3,2669.08,530.88,287.92,328.27,641.68,840.93,1329.71,1315.95,1170.38,973.26,1162.76,877.37,194.55,1396.74,1135.65,1782.79,1499.12,1723.7
93,1360.9,784.7,1100.93,1835.48,1597.31,1414.98,1527.97,1948.42,1228.17,481.48,1763.17,1317.37,594.66,1109.84,1206.05,1404.6,784.37,740.97,929.55,901.05,1039.23,750.24,698.5,1074.31,1582.92,1323.79,1596.27,1499.26,1472.39,1418.52,1315.47,514.4,981.75,1871.24,621.66,1312.31,1340.04,1145.39,1226.99,1886.4,1208.77,1837.65,1425.59,636.31,1652.61,1968.67,1566.76,1301.31,1494.73,0.0,1303.6,696.44,1388.95,1350.68,831.51,879.18,1216.09,893.67,1147.35,1345.37,911.69,1397.94,1352.39,1299.81,1310.99,725.8,462.0,858.25,1876.28,977.51,846.78,1392.91,1431.21,990.78,1294.39,777.41,1890.08,943.95,1609.46,1523.24,985.42,1427.13,1160.28,1319.43,722.51,160.44,243.46,384.42,676.97,372.29,886.34,1522.71,223.23,699.46,1236.63,395.18,1679.55
170,90.09,635.67,1435.11,2776.01,2432.08,2672.22,851.0,1241.54,1239.95,1514.56,2414.83,819.52,732.71,1004.44,2080.39,391.2,717.71,928.99,1490.92,1640.56,1931.95,1861.14,1438.01,807.39,1050.65,2581.04,380.15,278.54,581.37,1725.36,175.32,797.79,363.24,2706.01,824.73,1451.39,931.19,763.16,1442.74,2721.17,247.8,1174.23,357.26,1088.46,2289.13,2810.7,2824.0,2170.14,945.78,1305.31,0.0,695.52,115.94,748.99,632.53,474.43,1435.55,532.81,1531.69,568.1,611.02,881.08,502.9,244.5,666.85,601.38,849.21,710.91,2680.24,436.75,517.71,1542.76,481.26,606.57,856.1,628.34,2830.6,1683.46,2866.71,2780.49,795.27,706.9,933.01,312.4,874.55,1140.43,1188.99,981.1,1166.77,973.48,1420.81,1072.89,1331.59,742.08,1976.14,1438.4,2331.21
86,727.2,90.21,898.58,2169.76,1825.84,2065.98,833.49,1253.94,798.36,908.32,1736.71,622.89,126.46,572.45,1474.15,710.12,273.13,339.31,853.13,1034.32,1325.71,1254.9,831.77,379.82,888.43,1974.8,988.0,890.99,777.91,1188.82,666.92,194.98,340.31,2069.87,218.49,976.81,645.56,450.91,906.2,2085.03,552.64,1143.17,741.03,485.17,1674.98,2174.56,2217.76,1563.9,800.25,699.07,695.32,0.0,780.68,656.19,137.03,229.15,899.01,199.19,995.15,650.89,217.2,703.46,657.91,643.68,616.51,133.99,242.97,163.77,2066.09,292.57,268.42,1057.41,736.72,296.3,599.91,199.05,2224.36,1077.21,2260.46,2174.24,338.21,732.64,549.1,624.94,220.75,534.19,582.75,374.86,550.88,367.24,704.16,828.23,725.34,390.2,1351.04,832.16,1653.1
169,113.57,721.06,1519.22,2861.4,2517.47,2757.61,867.36,1257.89,1324.05,1599.95,2436.24,871.29,818.1,1088.55,2165.78,420.09,803.1,1014.38,1575.03,1725.95,2017.34,1946.53,1523.4,891.5,1067.0,2666.43,292.39,152.49,610.25,1809.46,192.98,883.18,448.63,2791.4,910.12,1535.5,995.08,847.26,1526.84,2806.56,331.91,1190.58,386.14,1173.85,2374.52,2896.09,2909.39,2255.53,1007.05,1390.7,122.11,780.91,0.0,800.75,717.92,559.82,1519.66,618.2,1615.79,621.89,695.13,932.85,560.01,273.39,718.61,686.77,934.6,796.3,2765.63,520.86,603.1,1626.86,510.15,690.68,940.2,713.74,2915.99,1768.85,2952.1,2865.88,879.38,723.25,1017.12,371.77,959.94,1225.82,1274.38,1066.49,1252.16,1058.87,1504.91,1124.65,1416.98,827.47,2061.53,1523.79,2352.63
21,695.09,564.25,859.12,2529.24,2048.71,2544.44,212.41,651.11,561.2,1459.79,1816.74,76.73,778.7,364.25,1931.86,412.78,914.82,656.29,905.55,1492.02,1783.41,1799.34,1289.47,295.27,318.9,2509.12,1109.81,1008.21,297.06,1059.68,616.23,847.22,631.99,2242.62,807.43,772.64,200.52,242.79,780.13,2257.78,589.37,573.63,483.08,823.54,1847.74,2347.31,2752.08,1946.8,230.72,1351.31,752.56,654.55,803.67,0.0,621.14,618.11,823.81,513.51,900.49,183.58,468.93,138.29,251.08,531.42,106.9,720.62,895.21,519.46,2238.85,569.82,707.76,864.01,328.63,377.25,193.31,825.74,2443.24,1447.01,2677.74,2591.52,399.43,230.9,286.33,444.47,709.48,1186.43,1222.19,1027.1,901.84,1019.48,835.43,330.1,1319.18,932.13,1744.69,1421.56,1733.13
88,620.98,61.69,920.09,2277.03,1933.11,2200.38,798.46,1218.91,819.87,1043.1,1809.48,587.87,260.87,571.39,1581.42,603.9,306.24,358.68,894.84,1141.59,1432.98,1389.3,939.04,344.8,853.41,2109.2,924.34,827.32,656.8,1210.33,560.71,329.38,276.65,2142.64,301.13,998.33,610.53,415.88,927.71,2157.8,446.43,1108.15,634.82,518.15,1747.76,2247.33,2352.16,1671.16,765.23,833.47,631.66,136.72,717.01,621.17,0.0,165.49,920.53,92.97,1016.66,615.87,182.18,668.44,514.41,537.47,581.48,112.05,377.37,137.08,2138.87,186.35,228.44,1078.92,593.23,255.63,564.88,217.16,2331.63,1161.96,2327.3,2241.08,303.19,697.62,514.07,518.73,293.53,668.59,717.15,509.26,623.65,501.64,723.53,793.21,859.75,383.79,1423.82,966.56,1725.87
105,533.13,206.15,1058.98,2352.26,2008.34,2248.48,786.08,1228.45,902.79,1090.82,1921.34,607.19,308.96,673.85,1656.64,584.61,293.18,499.47,1035.64,1216.81,1508.2,1437.39,1014.26,429.57,872.73,2157.29,768.49,671.48,637.5,1349.23,473.67,374.04,124.99,2254.49,400.98,1137.22,688.93,468.69,1066.61,2269.65,359.39,1127.47,576.2,658.94,1859.61,2359.18,2400.25,1746.39,784.55,881.56,475.83,229.53,561.19,618.0,166.54,0.0,1059.42,105.35,1155.56,538.02,212.26,687.76,495.12,450.43,564.43,138.23,425.47,281.39,2250.72,131.3,93.19,1217.82,573.94,255.03,613.84,203.82,2406.85,1259.71,2442.96,2356.74,387.96,672.75,598.85,499.43,447.22,716.68,765.25,557.35,737.25,549.74,864.33,875.42,907.84,317.55,1552.39,1014.65,1837.72
185,1416.14,856.72,93.1,1739.86,1259.33,1931.35,951.11,1302.6,289.63,985.06,1020.09,755.38,902.64,505.96,1318.76,1209.83,1134.96,654.43,231.29,899.31,1170.32,1223.76,780.27,626.61,897.56,1982.72,1782.16,1690.51,1084.64,317.18,1337.28,994.31,1116.98,1453.23,829.15,228.26,686.07,702.19,132.43,1468.4,1238.53,1191.83,1268.04,620.09,1058.35,1557.93,2225.68,1249.2,839.5,1214.75,1434.86,899.52,1518.94,824.79,919.17,1054.73,0.0,950.13,99.64,1002.48,854.19,802.46,1065.05,1250.78,925.79,1009.27,987.21,820.77,1449.46,1022.91,1130.25,299.96,1156.62,859.05,648.8,1060.88,1653.85,801.32,2064.64,1978.42,669.5,1015.42,591.96,1157.36,757.26,1055.32,940.93,1119.09,489.26,1078.75,255.64,753.53,963.01,1252.03,955.3,1000.19,936.48
104,534.92,110.39,954.47,2332.03,1988.1,2263.08,698.79,1133.73,798.28,1098.1,1825.58,502.68,323.57,569.34,1636.41,508.63,359.93,403.72,979.1,1196.58,1487.97,1452.0,994.03,325.06,768.23,2171.9,844.39,747.37,561.52,1244.72,474.65,392.08,182.85,2158.73,356.12,1032.71,584.42,364.18,962.1,2173.9,360.36,1022.96,539.54,563.19,1763.85,2263.43,2414.86,1726.16,680.04,896.17,533.89,199.42,619.24,513.49,93.14,106.46,954.91,0.0,1051.05,462.04,107.75,583.25,419.14,451.4,477.14,177.06,440.07,185.64,2154.96,100.29,196.11,1113.31,497.96,150.53,509.33,270.85,2386.62,1216.96,2382.29,2296.07,283.45,593.27,494.34,423.45,348.52,731.29,779.85,571.96,641.49,564.34,768.57,770.91,922.45,420.48,1478.81,1029.26,1741.96
193,1511.6,952.18,150.22,1678.4,1197.87,1885.94,1003.05,1354.54,341.57,971.55,892.54,831.08,998.09,601.41,1273.35,1305.28,1230.42,701.54,216.13,836.85,1107.86,1161.3,809.21,722.06,949.5,1920.26,1877.62,1785.96,1160.34,259.17,1432.74,1089.77,1212.43,1391.78,924.61,274.73,761.76,797.65,178.89,1406.94,1333.99,1243.78,1363.5,611.64,996.89,1496.47,2163.22,1187.74,891.44,1142.77,1530.32,994.98,1614.4,900.49,1014.62,1150.19,100.25,1045.59,0.0,1078.18,949.65,854.4,1160.5,1346.24,1001.49,1104.72,1082.66,916.22,1347.89,1118.36,1225.71,286.45,1252.07,954.51,724.5,1156.33,1592.4,738.86,2019.24,1933.02,764.96,1091.11,687.42,1252.81,852.71,1033.51,927.42,1214.55,527.89,1056.94,324.91,805.48,949.5,1347.49,893.84,986.68,808.93
179,517.32,558.17,1036.6,2706.72,2226.19,2656.42,271.74,704.1,738.68,1543.32,1994.22,254.21,772.62,541.73,2043.83,235.0,831.65,768.27,1079.99,1604.0,1895.39,1884.11,1401.45,400.71,513.21,2620.95,924.84,823.24,131.23,1237.16,438.46,841.13,458.91,2420.1,801.35,950.13,378.0,356.47,957.61,2435.26,404.39,636.79,305.31,935.51,2025.22,2524.79,2863.91,2058.77,392.93,1345.22,567.59,648.47,625.89,183.68,615.05,537.93,1001.3,462.8,1077.97,0.0,470.75,315.77,73.31,353.65,101.54,631.17,889.12,518.8,2416.33,410.77,631.66,1041.49,154.24,378.56,370.79,724.96,2620.72,1558.98,2789.71,2703.49,517.29,148.4,463.81,266.7,793.75,1180.34,1228.9,1021.01,1013.81,1013.39,1009.88,507.58,1402.85,856.03,1820.83,1509.69,1910.61
68,621.76,124.09,858.65,2343.18,1915.3,2278.06,644.76,1065.21,702.46,1109.25,1807.19,434.17,338.54,473.52,1647.56,586.92,474.66,366.09,883.28,1207.73,1499.12,1450.03,1005.18,229.24,699.71,2186.87,940.18,843.17,589.18,1148.9,561.49,407.06,275.0,2128.88,367.27,936.89,494.98,296.2,866.27,2144.04,447.2,954.45,617.84,533.33,1733.99,2233.57,2429.84,1656.59,611.53,911.15,611.63,214.39,695.71,467.47,180.97,212.75,859.09,108.15,955.22,462.17,0.0,514.74,457.04,538.25,427.78,280.46,455.05,89.14,2125.11,180.92,302.4,1017.49,535.86,95.44,440.81,385.58,2329.5,1156.8,2393.44,2307.22,187.63,543.92,398.52,501.74,359.67,746.26,794.83,586.93,611.63,579.32,813.17,677.65,968.77,526.77,1418.65,1075.61,1723.58
22,827.51,610.73,859.36,2529.48,2048.95,2579.08,183.6,575.62,513.91,1494.43,1769.45,99.34,825.18,366.21,1966.49,545.19,961.29,690.93,907.51,1526.66,1818.05,1833.97,1324.11,329.91,194.42,2543.75,1242.23,1140.62,367.54,976.74,748.65,893.69,771.4,2242.85,810.4,729.57,133.84,277.42,732.83,2258.02,721.78,464.86,615.5,858.18,1847.97,2347.55,2786.72,2038.82,109.67,1397.78,884.98,701.03,936.08,138.31,667.61,687.5,799.71,582.9,853.19,316.0,515.41,0.0,383.49,663.84,239.31,767.09,941.68,546.67,2224.8,640.05,777.15,780.85,461.05,446.64,215.91,872.21,2443.47,1526.82,2712.37,2626.15,434.07,292.69,288.28,576.89,744.12,1232.9,1256.83,1073.57,936.48,1065.95,837.39,233.85,1353.82,1038.84,1744.92,1456.2,1685.83
180,457.51,565.63,1065.52,2734.77,2247.35,2651.74,326.76,759.12,806.16,1550.78,2040.99,321.69,780.08,610.98,2039.15,175.19,787.97,763.59,1117.08,1599.32,1890.71,1891.57,1396.77,437.8,568.23,2628.41,859.56,757.95,146.35,1304.64,378.65,848.59,415.22,2441.25,808.8,1017.6,445.48,393.57,1025.09,2456.42,339.11,691.81,245.5,930.83,2046.37,2545.94,2871.37,2054.1,447.95,1352.68,502.3,655.93,566.08,251.16,514.6,494.24,1065.96,419.11,1145.45,72.29,458.14,383.25,0.0,293.84,169.02,587.48,896.58,526.26,2437.48,367.08,587.97,1108.97,104.31,365.95,438.27,681.27,2641.87,1554.3,2785.03,2698.81,554.65,203.42,539.55,224.8,801.2,1187.8,1236.36,1028.47,1009.14,1020.85,1046.97,575.06,1410.3,812.34,1816.15,1517.15,1957.38
49,165.48,554.09,1250.32,2775.73,2432.14,2668.11,624.98,1015.52,1055.15,1510.45,2225.79,602.2,728.6,819.65,2080.12,174.14,713.6,860.28,1301.88,1640.29,1931.68,1857.03,1437.74,622.6,824.63,2576.93,598.41,416.75,364.3,1540.57,86.62,793.68,333.98,2626.05,799.83,1266.6,725.99,578.36,1257.94,2641.21,106.77,948.21,140.19,1006.89,2231.17,2730.74,2819.89,2169.86,728.46,1301.2,235.25,643.12,274.05,531.67,536.85,447.83,1250.76,451.24,1346.89,352.8,538.01,663.76,290.92,0.0,449.53,583.43,845.1,629.34,2622.28,363.74,513.6,1357.96,262.8,462.64,671.3,624.23,2826.67,1660.66,2862.6,2776.38,651.34,480.88,748.22,102.69,792.22,1136.32,1184.88,976.99,1085.19,969.37,1231.76,855.57,1327.48,737.97,1922.52,1434.29,2142.17
176,614.45,524.14,959.99,2630.11,2149.58,2622.39,233.58,683.76,662.07,1509.29,1917.61,177.6,738.59,465.11,2009.8,332.13,874.7,734.23,1006.41,1569.96,1861.35,1850.07,1367.41,366.68,419.76,2586.92,1029.17,927.56,196.38,1160.54,535.59,807.1,559.45,2343.48,767.31,873.51,301.39,322.44,880.99,2358.65,508.72,616.45,402.44,901.48,1948.6,2448.18,2829.88,2024.74,331.58,1311.19,671.92,614.44,723.02,107.07,581.02,565.38,924.68,477.54,1001.35,102.94,428.82,239.16,170.44,450.78,0.0,680.5,855.09,484.77,2339.71,497.27,657.52,964.88,272.61,341.28,294.18,785.62,2544.1,1524.95,2755.68,2669.46,483.26,128.06,387.19,363.83,759.71,1146.31,1194.87,986.98,979.78,979.36,936.3,430.97,1368.81,881.88,1786.8,1475.66,1834.0
87,658.61,160.59,1009.69,2200.33,1856.4,2096.54,897.36,1317.81,909.47,938.88,1847.83,686.76,157.02,670.29,1504.71,676.42,232.28,450.43,964.24,1064.88,1356.27,1285.46,862.33,443.7,952.31,2005.36,893.99,796.98,729.32,1299.94,607.89,222.11,250.03,2130.33,249.05,1087.93,709.43,514.78,1017.31,2145.49,493.61,1207.04,710.42,596.28,1786.1,2235.02,2248.32,1594.46,864.12,729.63,601.31,134.26,686.67,720.07,111.74,138.87,1010.13,176.34,1106.26,629.84,281.08,767.34,586.93,584.65,680.38,0.0,273.53,235.98,2135.37,252.86,190.8,1168.53,665.75,354.53,663.78,106.75,2254.92,1107.78,2291.02,2204.8,402.09,796.52,612.97,591.25,298.87,564.75,613.31,405.42,661.99,397.8,815.28,892.1,755.9,346.14,1400.46,862.72,1764.21
116,906.21,330.01,984.34,2045.2,1701.27,1830.77,1073.28,1493.73,884.12,673.11,1710.14,862.69,139.97,716.88,1349.58,949.91,396.8,409.42,826.55,909.75,1174.49,1019.69,707.2,619.62,1128.23,1739.59,1141.59,1044.58,1017.7,1274.58,860.79,62.51,527.07,1975.2,197.55,1062.58,885.35,690.7,991.96,1990.36,754.08,1382.97,970.9,483.62,1648.41,2079.89,1982.55,1439.33,1040.05,463.86,848.91,241.75,934.26,895.99,376.83,424.49,984.78,438.98,1080.91,890.69,457.0,943.26,897.7,845.13,856.3,271.11,0.0,403.56,1980.24,522.82,392.09,1143.17,976.52,536.1,839.7,322.72,2099.79,952.65,2025.26,1939.04,530.73,972.44,749.8,864.74,267.82,298.98,347.55,139.65,524.28,132.03,733.65,1068.03,490.14,473.68,1245.33,596.95,1626.53
84,713.03,79.55,819.39,2285.18,1854.75,2191.76,676.8,1097.25,680.15,1051.25,1769.69,466.21,283.51,455.67,1589.56,655.5,429.96,305.54,845.78,1149.73,1441.12,1392.03,947.18,237.05,731.75,2100.57,1022.49,925.48,645.63,1109.63,652.75,352.02,360.95,2068.33,309.27,897.63,502.78,308.13,827.01,2083.49,538.47,986.49,686.42,472.78,1673.45,2173.02,2343.54,1679.31,643.57,856.11,711.99,159.36,797.35,519.39,136.27,281.65,819.83,185.02,915.96,518.61,88.96,546.78,525.62,629.51,484.22,235.76,400.02,0.0,2064.56,278.4,352.16,978.22,604.44,164.02,457.13,340.88,2268.95,1096.25,2335.45,2249.23,170.38,600.36,406.32,570.33,301.67,691.23,739.8,531.9,551.09,524.29,775.66,685.45,910.77,507.5,1358.11,1017.62,1686.07
131,2682.37,2045.06,1426.92,452.45,285.87,1121.21,2388.39,2739.91,1726.94,1471.52,504.36,2168.67,2031.01,1875.69,737.27,2579.56,2301.09,1776.06,1320.82,1106.62,884.53,1223.52,1312.47,1996.34,2334.88,1217.51,2991.83,2894.82,2497.92,1319.14,2622.09,2091.61,2330.29,92.01,1945.71,1624.92,2099.35,2071.92,1529.08,194.63,2507.81,2629.15,2637.77,1611.09,433.03,283.07,1279.48,608.31,2276.81,1910.34,2681.33,2065.64,2766.68,2238.07,2138.85,2291.78,1448.66,2154.36,1348.98,2397.96,2125.05,2239.78,2434.78,2620.51,2339.08,2175.39,2014.72,2064.21,0.0,2247.74,2296.37,1505.61,2526.35,2159.37,2062.09,2227.0,366.44,1039.83,1070.65,1046.36,2039.23,2428.7,1961.69,2527.09,1891.94,1914.61,1773.36,2081.42,1527.34,2011.01,1430.25,2190.85,1730.88,2418.16,842.89,1523.04,550.51
103,447.61,203.62,1028.6,2425.26,2081.34,2347.61,668.77,1101.12,872.41,1189.95,1918.81,560.27,408.1,643.47,1729.64,457.28,424.86,496.95,1053.23,1289.81,1581.2,1536.53,1087.26,399.19,825.82,2256.43,788.75,687.02,510.18,1318.84,387.33,473.18,116.07,2251.96,449.35,1106.84,642.01,421.77,1036.22,2267.13,273.05,1033.81,488.2,656.42,1857.08,2356.66,2499.39,1819.39,737.63,980.7,437.47,292.65,521.56,567.09,186.37,131.13,1029.04,100.77,1125.17,410.7,181.87,640.85,367.79,364.09,494.97,252.41,524.6,278.87,2248.19,0.0,224.86,1187.43,446.61,196.36,566.92,335.49,2479.85,1310.19,2475.53,2389.31,357.58,545.43,568.46,372.11,441.75,815.82,864.38,656.49,734.72,648.87,983.11,828.5,1006.98,449.23,1572.05,1113.79,1835.2
72,577.31,268.42,1129.24,2319.88,1975.95,2216.09,876.83,1321.54,1029.02,1058.43,1967.38,696.18,276.58,778.12,1624.26,677.7,200.17,569.98,1083.79,1184.43,1475.82,1405.01,981.88,551.52,961.72,2124.91,812.68,715.67,730.59,1419.49,531.88,342.57,198.16,2249.88,368.6,1207.48,817.26,557.68,1136.87,2265.05,425.18,1216.46,642.0,715.84,1905.65,2354.57,2367.87,1714.01,873.54,849.18,520.01,268.38,605.36,706.99,219.57,92.52,1129.68,194.34,1225.82,631.11,301.25,776.75,588.21,516.22,655.18,181.37,393.08,343.81,2254.92,224.39,0.0,1288.08,667.03,344.02,702.83,122.18,2374.47,1227.33,2410.58,2324.36,509.91,765.84,720.8,565.58,418.42,684.3,732.86,524.97,781.55,517.35,934.83,964.41,875.46,224.54,1520.01,982.27,1883.77
187,1526.92,1014.03,332.29,1920.4,1439.87,2127.94,930.76,1164.31,334.45,1197.94,1049.98,797.02,1059.94,609.98,1515.35,1273.31,1292.27,811.74,444.18,1109.6,1380.61,1434.05,1022.13,783.91,759.27,2193.01,1939.47,1801.28,1126.28,197.2,1448.06,1151.62,1274.28,1542.35,986.46,109.98,698.05,859.5,177.85,1648.94,1395.84,1053.54,1343.62,799.13,1238.89,1738.47,2360.4,1429.74,819.15,1393.8,1545.64,1056.83,1629.72,866.43,1076.47,1212.04,298.7,1107.44,286.77,1044.12,1011.5,782.11,1111.62,1361.56,967.43,1166.57,1144.51,978.07,1505.33,1180.21,1287.56,0.0,1189.17,1016.36,690.44,1218.18,1834.39,1011.61,2261.23,2175.01,826.81,1057.06,699.95,1268.13,914.56,1234.37,1180.1,1276.4,806.52,1257.8,485.58,631.86,1233.81,1409.34,1135.84,1213.08,966.37
178,396.05,644.07,1157.37,2813.21,2339.19,2730.18,385.5,776.03,884.47,1629.22,2140.01,400.0,858.52,702.83,2117.59,103.97,866.41,842.03,1208.93,1677.76,1969.15,1970.01,1475.21,529.65,585.15,2706.85,828.98,647.32,134.27,1382.94,317.19,927.03,493.67,2533.1,887.25,1095.91,523.79,485.41,1103.4,2548.26,345.64,708.72,165.09,1009.28,2138.22,2637.79,2949.81,2132.54,525.19,1431.12,472.42,734.37,504.62,329.47,593.04,572.68,1157.81,497.56,1223.75,154.38,536.58,461.56,101.39,262.77,270.95,665.92,975.02,604.7,2529.33,445.52,666.41,1187.28,0.0,444.4,516.58,759.71,2733.72,1632.74,2863.47,2777.25,633.09,241.4,631.4,206.8,879.65,1266.24,1314.8,1106.91,1087.58,1099.29,1138.81,653.37,1488.75,890.78,1894.6,1595.59,2056.4
70,612.3,203.18,863.23,2372.32,1950.35,2289.29,562.79,997.73,707.04,1188.34,1811.77,366.69,417.63,478.1,1676.7,494.72,553.75,401.14,887.86,1236.87,1528.26,1529.12,1034.32,233.82,632.23,2265.96,958.19,872.65,507.23,1153.47,527.6,486.15,327.49,2212.03,446.36,941.47,448.42,228.18,870.85,2227.19,382.72,886.97,525.63,568.39,1817.14,2316.72,2508.93,1691.65,544.05,990.24,602.16,293.48,686.25,377.49,260.06,255.26,863.67,150.65,959.8,376.91,95.7,447.26,364.84,462.98,341.14,359.55,534.14,163.81,2208.25,196.15,344.91,1022.06,443.66,0.0,373.33,464.67,2412.65,1191.86,2422.59,2336.37,192.21,457.28,403.09,409.54,438.76,825.35,873.92,666.02,646.69,658.41,817.74,634.92,1047.86,569.27,1453.71,1154.7,1728.15
6,849.4,505.61,681.77,2351.89,1871.36,2402.71,364.11,730.89,383.85,1318.06,1639.39,144.38,720.06,186.89,1790.12,620.67,856.17,546.74,728.19,1350.29,1641.68,1657.6,1147.74,219.41,352.85,2367.38,1225.37,1123.76,473.64,882.33,770.54,788.57,708.92,2065.27,696.94,595.29,95.52,189.53,602.78,2080.43,704.92,620.13,701.3,722.69,1670.38,2169.96,2610.35,1861.23,268.1,1256.02,868.12,595.91,952.2,213.79,562.49,625.02,646.46,520.42,723.14,391.48,447.41,229.45,458.98,684.04,314.79,661.98,824.53,460.35,2061.5,577.57,714.67,686.66,536.53,384.16,0.0,767.1,2265.89,1347.51,2536.0,2449.78,320.61,404.42,108.97,590.61,630.66,1115.75,1096.66,956.42,753.97,948.8,658.08,281.65,1177.45,933.72,1567.33,1279.82,1555.78
77,688.03,265.64,1059.29,2249.92,1906.0,2146.14,1002.41,1422.86,959.07,988.48,1897.43,791.81,206.62,740.69,1554.31,770.16,91.27,500.03,1013.84,1114.48,1405.87,1335.06,911.93,548.75,1057.36,2054.96,923.4,826.39,823.05,1349.53,642.6,272.62,308.88,2179.93,298.64,1137.53,814.48,619.83,1066.91,2195.09,535.9,1312.09,752.72,645.88,1835.7,2284.62,2297.92,1644.05,969.17,779.23,630.73,198.42,716.08,825.12,216.79,203.24,1059.73,270.07,1155.86,723.57,386.13,872.38,680.67,626.94,785.43,106.88,323.13,341.03,2184.97,335.11,122.16,1218.12,759.49,459.58,768.83,0.0,2304.52,1157.37,2340.62,2254.4,507.13,901.57,718.02,676.3,348.47,614.35,662.91,455.02,711.59,447.4,864.88,997.15,805.5,208.34,1450.06,912.32,1813.81
128,2889.23,2275.6,1631.59,92.37,482.71,761.13,2593.06,2944.58,1931.61,1557.46,818.32,2373.34,2116.95,2080.35,799.85,2784.22,2379.82,1980.73,1525.48,1192.56,970.47,1324.69,1398.41,2201.0,2539.55,905.69,3124.61,3027.6,2702.59,1633.09,2843.81,2177.55,2510.09,279.43,2056.3,1836.87,2304.02,2276.59,1741.03,185.8,2739.24,2833.82,2842.44,1815.76,706.43,106.91,919.4,805.15,2481.48,1888.57,2831.93,2224.77,2917.29,2442.74,2331.25,2407.51,1653.33,2385.79,1592.11,2602.63,2329.72,2444.45,2639.45,2825.18,2543.75,2254.13,2100.66,2268.88,374.09,2479.17,2375.11,1833.65,2731.01,2364.04,2266.76,2305.74,0.0,1236.67,710.57,686.28,2243.9,2633.37,2166.36,2731.75,2084.35,2017.2,1859.3,2223.94,1732.01,2096.94,1634.92,2395.52,1816.82,2496.9,1047.56,1608.98,867.41
119,1741.58,1106.42,779.67,1206.82,761.95,1134.35,1603.51,2029.6,1079.7,505.42,874.5,1392.92,969.3,1175.89,521.76,1682.69,1232.17,808.86,660.39,105.16,373.32,429.61,250.75,1147.48,1687.63,1188.57,1976.95,1879.94,1686.2,938.3,1684.34,1029.89,1362.43,1035.87,908.65,984.95,1394.23,1222.48,889.12,1051.04,1570.06,1918.84,1713.6,644.28,721.98,1140.57,1431.53,503.24,1566.81,944.85,1684.28,1077.12,1769.63,1439.26,1162.08,1259.86,801.42,1216.61,738.97,1559.18,1156.88,1528.16,1552.81,1661.1,1524.79,1106.48,953.0,1096.04,1040.92,1309.99,1227.46,1011.57,1631.63,1191.21,1348.58,1158.08,1236.49,0.0,1267.64,1181.42,1093.19,1640.93,1261.89,1597.51,915.17,923.47,782.57,1055.05,550.55,969.21,681.51,1543.61,765.38,1349.24,306.0,557.55,790.89
160,2942.08,2271.92,2043.18,628.49,1011.33,211.58,2835.45,3255.9,2343.21,1386.4,1522.12,2624.86,2175.84,2365.02,751.35,2900.64,2373.21,2040.8,1923.9,1188.88,952.8,1066.35,1394.73,2379.42,2840.69,342.77,3177.46,3080.45,2918.14,2111.54,2896.66,2095.58,2562.94,983.24,2052.62,2248.47,2583.37,2454.42,2152.63,889.61,2789.96,3145.14,2931.56,1864.97,1312.67,793.16,221.57,908.88,2755.94,1630.23,2884.79,2277.63,2970.14,2671.2,2327.58,2460.37,2064.93,2382.11,2002.48,2791.12,2393.01,2705.43,2784.75,2881.0,2756.74,2306.98,2043.18,2339.57,1077.9,2475.49,2427.96,2240.22,2863.57,2423.15,2537.72,2358.59,710.68,1267.34,0.0,90.95,2325.14,2872.87,2480.18,2815.47,2080.67,1758.86,1688.23,1965.61,1813.09,1925.88,1945.02,2807.12,1659.29,2288.31,1166.76,1437.92,1571.21
154,2834.6,2185.65,1956.91,604.56,983.21,125.31,2749.18,3169.63,2256.94,1278.92,1443.82,2538.59,2068.36,2278.75,665.08,2814.37,2265.73,1954.53,1837.63,1102.61,866.53,958.87,1308.46,2293.15,2754.42,269.87,3069.98,2972.97,2831.87,2025.27,2789.18,1988.1,2455.46,959.31,1966.35,2162.19,2497.1,2368.15,2066.36,865.68,2682.48,3058.87,2845.28,1778.69,1288.67,769.23,292.12,822.61,2669.67,1522.75,2777.3,2170.14,2862.65,2584.93,2241.3,2352.88,1978.65,2295.84,1916.21,2704.85,2306.74,2619.16,2698.48,2773.52,2670.46,2199.5,1935.7,2253.3,1053.97,2389.22,2320.48,2153.95,2777.3,2336.87,2451.44,2251.11,686.75,1181.06,90.77,0.0,2238.86,2786.6,2393.91,2729.19,1994.4,1651.38,1580.75,1858.12,1726.82,1818.4,1858.75,2720.85,1551.8,2180.83,1080.49,1330.44,1536.64
69,802.54,246.82,670.66,2273.91,1832.65,2190.88,558.91,979.36,517.61,1106.23,1626.3,348.32,401.31,293.14,1578.29,684.96,597.39,302.73,702.39,1138.46,1429.85,1445.77,935.91,102.88,625.94,2155.55,1116.59,1062.89,645.36,960.9,717.84,472.4,451.4,2026.56,402.72,748.89,368.61,177.88,678.28,2041.72,572.96,868.6,715.87,469.97,1631.68,2131.25,2398.51,1593.24,525.68,986.41,792.4,302.1,876.49,394.66,303.7,389.16,671.09,284.56,767.23,518.35,188.62,428.89,555.08,653.22,483.96,403.19,530.31,170.5,2022.79,357.33,519.59,829.49,633.9,193.48,322.96,508.31,2227.18,1093.44,2324.17,2237.95,0.0,600.1,272.15,599.78,355.92,821.52,868.63,662.19,548.28,654.58,632.27,551.29,965.62,674.93,1355.3,1067.99,1542.68
174,642.47,640.34,1052.34,2722.46,2241.93,2738.59,148.03,566.7,754.42,1625.49,2009.96,269.95,854.79,557.47,2126.0,324.58,990.9,850.44,1098.77,1686.17,1977.56,1966.28,1483.62,482.88,375.81,2703.12,1074.69,893.03,114.23,1252.9,530.91,923.3,591.78,2435.84,883.52,965.87,388.88,438.64,973.35,2451.0,543.58,499.39,377.25,1017.68,2040.96,2540.53,2946.08,2140.95,287.72,1427.39,706.78,730.64,750.33,232.53,697.22,670.79,1017.04,593.74,1093.71,147.88,545.02,292.52,201.95,476.96,126.74,796.71,971.29,600.97,2432.07,543.64,764.53,1039.97,241.79,457.48,386.53,901.83,2636.46,1641.15,2871.88,2785.66,599.47,0.0,479.55,393.92,875.92,1262.51,1311.07,1103.18,1095.99,1095.56,1028.65,513.39,1485.02,988.89,1903.0,1591.86,1926.35
4,914.77,456.44,591.0,2253.36,1772.83,2346.58,436.63,791.35,376.4,1261.93,1566.47,216.91,658.16,101.26,1733.99,708.46,807.01,449.72,642.56,1294.16,1585.55,1601.47,1091.61,170.25,413.3,2311.25,1326.21,1189.14,546.16,881.25,835.91,759.11,661.03,1966.73,612.03,608.39,155.98,212.36,598.63,1981.9,782.58,680.58,766.67,625.67,1571.85,2071.42,2554.21,1761.68,328.55,1159.0,933.49,546.74,1017.58,286.31,513.33,598.78,591.44,494.18,687.58,464.01,398.24,289.9,539.07,749.41,387.32,612.81,752.01,411.19,1962.96,566.95,729.21,699.75,630.64,403.1,110.33,717.93,2167.35,1261.88,2479.87,2393.65,271.45,476.94,0.0,655.99,540.13,999.58,999.64,883.9,668.33,876.28,572.45,338.43,1121.32,884.56,1468.8,1223.69,1482.86
44,264.88,533.54,1157.53,2763.83,2339.35,2686.24,538.18,928.72,962.36,1529.9,2132.99,515.41,746.72,726.86,2068.21,129.73,763.3,806.98,1209.09,1628.38,1919.77,1870.68,1425.83,529.8,737.83,2595.05,669.19,567.58,307.79,1447.77,186.02,815.24,363.74,2533.25,787.92,1173.8,639.19,485.57,1165.15,2548.42,148.74,861.41,135.68,974.22,2138.37,2637.95,2838.02,2097.49,641.66,1319.33,311.94,622.57,373.46,444.87,516.29,495.93,1157.97,420.81,1254.1,266.0,501.53,576.96,204.13,103.73,362.73,589.18,863.23,569.65,2529.48,368.78,563.3,1265.17,206.94,409.34,578.51,673.94,2733.88,1597.69,2814.1,2727.87,598.04,394.08,655.43,0.0,780.32,1154.44,1203.01,995.11,1052.53,987.5,1138.97,768.77,1389.42,787.67,1859.54,1496.26,2049.38
26,877.01,238.81,747.01,2029.72,1685.79,1946.69,859.0,1279.45,646.79,852.41,1562.17,648.41,183.92,494.52,1334.1,867.53,422.68,172.09,678.58,894.27,1185.66,1201.58,691.72,402.97,926.03,1901.74,1167.46,1070.45,920.6,1037.26,816.73,275.6,524.93,1895.32,110.44,825.25,668.7,477.96,754.63,1910.49,702.45,1168.69,898.44,310.62,1500.44,2000.02,2144.7,1423.85,825.77,724.59,874.79,221.26,960.14,694.74,294.46,447.39,747.45,349.0,843.58,793.58,359.9,728.98,800.6,793.49,759.2,296.98,268.5,306.46,1891.55,442.38,417.97,905.85,879.42,438.99,623.05,348.59,2084.31,914.65,2079.98,1993.76,348.68,875.33,544.96,782.35,0.0,559.71,561.93,400.38,376.33,392.77,536.94,851.37,711.94,539.75,1176.5,818.78,1478.55
90,1197.61,621.41,940.96,1964.03,1636.79,1543.52,1364.68,1785.13,1068.19,486.54,1702.85,1154.09,431.37,949.86,1251.04,1241.31,688.2,581.0,819.27,880.96,1059.91,814.68,678.41,911.02,1419.63,1452.34,1432.99,1335.97,1309.1,1308.23,1152.19,351.11,818.47,1910.72,461.69,1152.34,1176.75,982.1,1067.02,1925.88,1045.48,1674.37,1262.3,476.34,1641.13,2015.41,1695.3,1340.78,1331.45,160.41,1140.31,533.15,1225.66,1187.39,668.22,715.89,1056.12,730.38,1037.06,1182.09,748.4,1234.66,1189.1,1136.53,1147.7,562.51,298.71,694.96,1915.76,814.22,683.49,1232.94,1267.92,827.49,1131.1,614.12,2018.62,923.86,1738.01,1651.79,822.13,1263.84,1000.3,1156.14,559.22,0.0,144.51,221.13,516.99,209.0,726.36,1359.43,248.66,642.97,1216.54,391.94,1619.24
94,1244.94,668.74,859.28,1805.16,1495.3,1472.91,1378.51,1798.96,1014.19,345.05,1591.49,1167.92,478.7,949.0,1109.54,1288.64,735.53,580.14,714.93,739.82,918.42,673.19,537.27,922.48,1400.68,1381.73,1480.32,1383.31,1356.43,1203.89,1199.52,398.44,865.8,1769.22,460.83,1098.33,1143.36,997.48,1013.01,1784.39,1092.82,1688.2,1309.63,452.7,1529.76,1873.92,1624.69,1199.29,1315.93,243.53,1187.64,580.48,1273.0,1214.26,715.56,763.22,941.85,777.71,932.72,1229.42,795.73,1248.49,1236.43,1183.86,1195.03,609.84,346.04,742.29,1774.27,861.56,730.82,1178.93,1315.25,874.83,1097.71,661.45,1859.75,782.72,1667.4,1581.18,868.19,1311.17,999.44,1203.47,561.89,144.91,0.0,311.13,437.26,238.69,645.36,1326.03,143.64,732.97,1075.4,250.45,1507.87
117,1038.11,461.91,1116.24,2112.6,1802.73,1751.89,1205.18,1625.63,1016.02,652.49,1852.14,994.59,271.87,848.78,1416.98,1081.81,511.1,541.32,968.55,1011.55,1225.86,980.63,809.0,751.52,1260.13,1660.71,1273.49,1176.48,1149.6,1406.48,992.69,191.61,658.97,2076.66,329.45,1194.48,1017.25,822.6,1123.86,2091.83,885.99,1514.87,1102.8,625.63,1790.41,2181.36,1903.67,1506.73,1171.95,384.98,980.81,373.65,1066.16,1027.89,508.73,556.39,1116.68,570.88,1212.81,1022.59,588.9,1075.16,1029.6,977.03,988.2,403.01,139.21,535.46,2081.7,654.73,523.99,1275.07,1108.42,668.0,971.6,454.62,2167.19,1054.45,1946.37,1860.15,662.63,1104.34,881.7,996.64,399.72,220.1,310.48,0.0,666.28,145.02,875.65,1199.93,425.93,426.19,1347.13,557.89,1768.53
51,1169.93,532.62,398.41,1761.9,1309.77,1678.88,1059.24,1435.46,640.32,602.82,1198.48,848.65,541.88,581.74,1066.29,1138.41,786.52,264.59,314.89,626.46,917.85,933.77,423.91,603.21,1057.42,1652.15,1479.39,1382.38,1141.92,803.85,1109.65,602.48,817.85,1531.63,431.14,724.46,800.09,678.21,639.14,1546.79,995.37,1324.7,1169.33,100.01,1136.75,1636.32,1895.11,1051.07,972.67,677.79,1168.89,551.08,1254.24,894.99,624.28,777.21,488.35,641.92,532.68,1014.91,612.61,929.22,1008.54,1086.41,980.52,660.82,525.59,551.77,1527.86,735.3,781.81,805.06,1087.36,646.93,754.44,712.43,1732.25,551.27,1812.17,1725.95,548.92,1096.66,667.75,1053.24,377.37,518.37,436.34,667.99,0.0,541.79,240.16,1095.81,464.09,903.59,813.12,566.46,1114.86
114,1030.12,453.91,965.28,2043.85,1733.99,1711.6,1197.19,1617.64,1008.02,565.3,1727.18,986.59,263.88,840.78,1348.24,1073.82,520.71,533.32,843.59,926.78,1157.11,911.88,724.23,743.52,1252.13,1620.42,1265.49,1168.48,1141.61,1332.55,984.69,183.61,650.97,2007.92,321.46,1186.48,1009.26,814.61,1115.87,2023.08,877.99,1506.87,1094.81,500.66,1665.45,2112.61,1863.38,1437.98,1163.95,374.3,972.82,365.66,1058.17,1019.89,500.73,548.4,1080.44,562.89,1061.38,1014.59,580.9,1067.16,1021.61,969.03,980.21,395.01,131.21,527.47,2012.96,646.73,516.0,1267.08,1100.42,660.0,963.61,446.62,2098.45,969.68,1906.09,1819.87,654.64,1096.34,873.71,988.64,391.72,209.41,239.73,173.17,541.32,0.0,750.68,1191.93,382.33,592.68,1262.36,489.14,1643.56
109,1396.5,661.21,166.96,1721.83,1241.3,1811.04,985.32,1340.03,445.6,779.01,1034.95,765.59,692.26,486.32,1198.45,1190.18,941.51,381.51,111.51,779.0,1050.01,1084.08,574.22,606.96,961.99,1843.04,1607.97,1510.96,1094.85,600.47,1317.64,808.7,946.44,1435.2,617.64,416.38,704.66,682.55,320.54,1450.37,1204.44,1229.27,1248.4,302.19,1040.32,1539.9,2086.01,1180.8,877.24,884.01,1415.22,706.07,1499.3,835.0,723.65,867.13,256.89,770.5,329.3,1008.59,820.11,838.59,1045.41,1231.14,936.0,815.82,731.81,776.18,1431.43,863.88,936.8,488.07,1136.97,824.96,659.01,867.42,1635.83,681.01,1944.33,1858.11,649.86,1025.62,572.32,1137.71,546.88,724.59,642.59,874.21,239.53,748.02,0.0,901.09,670.34,1058.58,942.86,794.15,951.33
150,1019.59,735.41,812.3,2482.42,2001.89,2673.91,309.01,547.58,466.85,1665.05,1680.47,279.63,949.86,435.68,2061.32,737.27,1085.98,776.55,950.3,1641.87,1912.88,2004.59,1494.73,449.22,142.54,2714.37,1434.31,1332.71,595.68,827.69,940.73,1018.38,959.61,2195.79,926.75,615.17,230.74,459.45,686.16,2210.96,913.86,436.82,858.71,952.5,1800.91,2300.49,2957.33,1991.76,208.36,1485.83,1077.06,825.71,1128.16,330.39,792.3,875.71,752.65,771.11,806.13,508.08,677.21,235.11,575.58,855.92,431.39,891.78,1054.34,690.16,2135.82,828.26,1008.18,631.79,653.13,634.85,282.84,996.9,2396.41,1543.88,2807.2,2720.98,550.42,514.09,338.61,768.97,860.47,1345.55,1326.47,1186.22,1097.15,1178.61,901.15,0.0,1524.44,1163.53,1697.86,1626.81,1596.86
65,1387.58,811.38,880.17,1762.34,1452.48,1430.09,1476.61,1897.06,1067.61,302.23,1569.43,1266.02,621.34,1006.18,1066.72,1431.28,878.17,681.96,735.82,721.8,875.6,630.37,519.25,1020.58,1481.85,1338.91,1622.95,1525.94,1499.07,1224.78,1342.15,541.08,1008.43,1726.4,611.68,1151.76,1224.53,1095.58,1066.44,1741.57,1235.45,1786.3,1452.27,506.12,1473.35,1831.1,1581.87,1156.47,1397.1,223.6,1330.28,723.12,1415.63,1312.36,858.19,905.86,962.74,920.35,953.61,1372.05,938.37,1346.59,1379.07,1326.49,1337.67,752.48,488.68,884.93,1731.45,1004.19,873.46,1232.35,1457.89,1017.46,1178.88,804.09,1816.93,764.7,1624.58,1538.36,966.29,1453.81,1121.34,1346.11,712.74,248.31,143.68,426.26,464.53,381.33,672.64,1523.1,0.0,848.1,1057.38,207.63,1485.82
75,802.66,432.41,1251.5,2442.13,2098.21,2072.82,1102.19,1546.89,1151.28,1061.94,2089.63,921.54,398.83,942.11,1746.52,903.05,121.78,692.24,1206.05,1306.69,1598.08,1390.09,1104.14,715.52,1187.08,1981.63,1038.04,941.03,955.95,1541.74,757.24,464.83,423.52,2372.14,490.85,1329.74,981.25,786.6,1259.12,2387.3,650.54,1441.82,867.35,838.09,2027.91,2476.83,2224.6,1836.26,1098.9,699.17,745.36,390.63,830.71,932.34,383.56,317.87,1251.94,419.69,1348.07,856.47,526.6,1002.11,813.56,741.58,880.53,345.36,473.5,507.8,2377.18,449.74,224.7,1410.33,892.38,569.38,935.6,209.1,2496.73,1349.58,2267.3,2181.08,673.91,991.2,884.79,790.94,540.68,629.55,719.94,413.17,903.8,592.2,1057.09,1163.93,835.39,0.0,1642.27,967.35,2006.02
120,2006.69,1368.49,936.9,1072.63,593.18,1032.69,1898.37,2249.9,1236.93,801.58,629.02,1678.65,1265.46,1385.67,420.1,1944.75,1528.33,1070.93,830.8,395.74,445.64,620.86,546.91,1409.55,1844.86,1112.12,2273.11,2176.1,1948.26,1010.28,1946.41,1326.05,1654.61,847.11,1204.81,1142.18,1609.33,1484.54,1046.34,862.27,1832.13,2139.13,1975.67,906.35,452.22,951.8,1265.15,334.48,1786.8,1241.01,1980.44,1350.94,2065.79,1748.06,1424.14,1556.02,958.64,1478.68,897.42,1821.25,1418.95,1749.76,1814.88,1923.17,1786.86,1402.64,1249.16,1358.11,843.34,1572.06,1523.62,1138.96,1893.69,1453.27,1572.07,1454.24,1047.73,306.62,1165.98,1079.76,1355.26,1903.0,1471.67,1859.58,1177.24,1219.63,1078.73,1351.21,812.62,1265.37,882.68,1700.83,1061.54,1645.4,0.0,853.7,597.32
62,1494.38,918.18,917.74,1554.88,1245.01,1222.63,1579.09,1999.54,1170.09,94.76,1432.5,1368.5,728.14,1108.66,859.26,1538.08,984.97,784.44,773.39,514.34,668.14,422.91,311.79,1123.06,1584.33,1131.45,1729.75,1632.74,1628.68,1262.36,1448.95,647.88,1115.23,1518.94,710.09,1254.23,1327.0,1198.06,1102.64,1534.11,1342.25,1888.78,1559.07,608.6,1265.89,1623.63,1374.41,949.01,1499.58,395.77,1437.08,829.92,1522.43,1414.84,964.99,1012.66,1000.32,1027.15,991.19,1501.67,1067.98,1449.07,1508.68,1433.29,1467.28,859.28,595.48,1014.54,1523.98,1110.99,980.26,1213.99,1587.5,1147.08,1281.35,910.89,1609.47,557.23,1417.11,1330.89,1068.77,1583.42,1223.82,1452.91,811.16,391.73,250.48,558.55,567.01,488.13,794.51,1625.58,208.01,980.39,849.92,0.0,1348.89
10,2305.59,1633.38,928.16,949.55,521.32,1488.67,1839.13,2190.62,1177.65,1297.48,172.11,1667.16,1644.8,1395.4,876.08,2099.27,1889.41,1364.38,840.53,880.09,1023.34,1202.1,1068.23,1516.05,1785.58,1568.1,2580.15,2483.14,1996.41,779.76,2226.73,1705.39,1918.61,589.11,1534.03,1085.54,1597.84,1591.64,989.7,691.74,2113.53,2079.85,2157.49,1199.41,313.73,780.17,1721.13,790.46,1727.52,1689.95,2324.31,1653.96,2408.39,1736.56,1727.17,1880.1,939.29,1742.68,809.6,1914.25,1729.19,1690.48,1954.49,2140.23,1837.57,1763.71,1628.5,1685.26,550.8,1836.06,1884.69,966.23,2046.06,1734.05,1560.58,1815.32,863.55,790.97,1621.96,1535.74,1558.95,1927.19,1481.41,2046.8,1480.26,1621.28,1518.25,1770.91,1115.66,1644.71,949.97,1594.24,1496.68,2006.48,598.84,1349.6,0.0
