start_node,rep,strategy,reward,oracle_reward,gap_oracle_pct,rhlr_reward,adv_vs_rhlr_pct,mc_reward,valid,rollout_time
0,0,real_beam1,4079.0,5031.0,18.922679387795664,4948.0,-17.562651576394504,4680.0,True,0.4269089698791504
0,0,real_beam10,4195.0,5031.0,16.616974756509638,4948.0,-15.218270008084076,4680.0,True,0.15543723106384277
0,0,real_beam20,4260.0,5031.0,15.324985092426951,4948.0,-13.904607922392886,4680.0,True,0.29453539848327637
0,1,real_beam1,4269.0,5546.0,23.02560403894699,5042.0,-15.331217770725903,4915.0,True,0.0326993465423584
0,1,real_beam10,4731.0,5546.0,14.695275874504146,5042.0,-6.168187227290757,4915.0,True,0.1725625991821289
0,1,real_beam20,5055.0,5546.0,8.853227551388388,5042.0,0.25783419278064257,4915.0,True,0.30526137351989746
0,2,real_beam1,4060.0,5123.0,20.74956080421628,4905.0,-17.227319062181447,5063.0,True,0.032563209533691406
0,2,real_beam10,4028.0,5123.0,21.374194807729847,4905.0,-17.879714576962282,5063.0,True,0.16101789474487305
0,2,real_beam20,4632.0,5123.0,9.584227991411282,4905.0,-5.565749235474006,5063.0,True,0.29280710220336914
1,0,real_beam1,5235.0,6087.0,13.997042878265157,4419.0,18.46571622539036,5140.0,True,0.038721561431884766
1,0,real_beam10,5071.0,6087.0,16.691309347790373,4419.0,14.754469336954063,5140.0,True,0.18639469146728516
1,0,real_beam20,5071.0,6087.0,16.691309347790373,4419.0,14.754469336954063,5140.0,True,0.34860992431640625
1,1,real_beam1,3937.0,6039.0,34.80708726610366,5198.0,-24.259330511735282,5339.0,True,0.03307461738586426
1,1,real_beam10,3614.0,6039.0,40.15565490975327,5198.0,-30.473258945748366,5339.0,True,0.14612483978271484
1,1,real_beam20,4421.0,6039.0,26.79251531710548,5198.0,-14.948056944978838,5339.0,True,0.3130180835723877
1,2,real_beam1,3847.0,6000.0,35.88333333333333,5830.0,-34.01372212692967,4589.0,True,0.027524232864379883
1,2,real_beam10,5007.0,6000.0,16.55,5830.0,-14.11663807890223,4589.0,True,0.19820928573608398
1,2,real_beam20,5007.0,6000.0,16.55,5830.0,-14.11663807890223,4589.0,True,0.3845710754394531
2,0,real_beam1,1914.0,5227.0,63.382437344557104,4655.0,-58.88292158968851,4922.0,True,0.021420001983642578
2,0,real_beam10,4922.0,5227.0,5.835087048019897,4655.0,5.735767991407089,4922.0,True,0.18637466430664062
2,0,real_beam20,4922.0,5227.0,5.835087048019897,4655.0,5.735767991407089,4922.0,True,0.3249049186706543
2,1,real_beam1,2325.0,5209.0,55.36571318871184,3973.0,-41.47998993204128,4446.0,True,0.010022163391113281
2,1,real_beam10,4178.0,5209.0,19.792666538683047,3973.0,5.159828844701737,4446.0,True,0.15497922897338867
2,1,real_beam20,5209.0,5209.0,0.0,3973.0,31.10999244903096,4446.0,True,0.316089391708374
2,2,real_beam1,2329.0,5700.0,59.14035087719298,5700.0,-59.14035087719298,5700.0,True,0.015676259994506836
2,2,real_beam10,5700.0,5700.0,0.0,5700.0,0.0,5700.0,True,0.17705297470092773
2,2,real_beam20,5700.0,5700.0,0.0,5700.0,0.0,5700.0,True,0.31633472442626953
3,0,real_beam1,1937.0,2315.0,16.328293736501077,2315.0,-16.328293736501077,2315.0,True,0.021248340606689453
3,0,real_beam10,2128.0,2315.0,8.077753779697625,2315.0,-8.077753779697625,2315.0,True,0.08963322639465332
3,0,real_beam20,2315.0,2315.0,0.0,2315.0,0.0,2315.0,True,0.139984130859375
3,1,real_beam1,3932.0,3932.0,0.0,3932.0,0.0,3932.0,True,0.021219968795776367
3,1,real_beam10,3932.0,3932.0,0.0,3932.0,0.0,3932.0,True,0.0993804931640625
3,1,real_beam20,3932.0,3932.0,0.0,3932.0,0.0,3932.0,True,0.1381206512451172
3,2,real_beam1,1286.0,2278.0,43.546971027216856,2278.0,-43.546971027216856,2278.0,True,0.01562976837158203
3,2,real_beam10,2105.0,2278.0,7.594381035996488,2278.0,-7.594381035996488,2278.0,True,0.09202075004577637
3,2,real_beam20,2278.0,2278.0,0.0,2278.0,0.0,2278.0,True,0.13655662536621094
4,0,real_beam1,-365.0,2386.0,115.29756915339479,2386.0,-115.29756915339479,2013.0,True,0.015606880187988281
4,0,real_beam10,1903.0,2386.0,20.2430846605197,2386.0,-20.2430846605197,2013.0,True,0.10616517066955566
4,0,real_beam20,2386.0,2386.0,0.0,2386.0,0.0,2013.0,True,0.16641974449157715
4,1,real_beam1,818.0,2352.0,65.22108843537416,2352.0,-65.22108843537416,2352.0,True,0.015505552291870117
4,1,real_beam10,1770.0,2352.0,24.744897959183675,2352.0,-24.744897959183675,2352.0,True,0.1074979305267334
4,1,real_beam20,2352.0,2352.0,0.0,2352.0,0.0,2352.0,True,0.16604876518249512
4,2,real_beam1,1248.0,2518.0,50.43685464654488,2518.0,-50.43685464654488,2408.0,True,0.011347770690917969
4,2,real_beam10,2378.0,2518.0,5.559968228752978,2518.0,-5.559968228752978,2408.0,True,0.10004234313964844
4,2,real_beam20,2518.0,2518.0,0.0,2518.0,0.0,2408.0,True,0.16831612586975098
5,0,real_beam1,1766.0,3020.0,41.52317880794702,3020.0,-41.52317880794702,3020.0,True,0.015578985214233398
5,0,real_beam10,3020.0,3020.0,0.0,3020.0,0.0,3020.0,True,0.07791590690612793
5,0,real_beam20,3020.0,3020.0,0.0,3020.0,0.0,3020.0,True,0.11688494682312012
5,1,real_beam1,1675.0,2379.0,29.592265657839427,2379.0,-29.592265657839427,2379.0,True,0.015554189682006836
5,1,real_beam10,2379.0,2379.0,0.0,2379.0,0.0,2379.0,True,0.08469533920288086
5,1,real_beam20,2379.0,2379.0,0.0,2379.0,0.0,2379.0,True,0.11403584480285645
5,2,real_beam1,1689.0,2908.0,41.918844566712515,2908.0,-41.918844566712515,2908.0,True,0.01549386978149414
5,2,real_beam10,2908.0,2908.0,0.0,2908.0,0.0,2908.0,True,0.07878589630126953
5,2,real_beam20,2908.0,2908.0,0.0,2908.0,0.0,2908.0,True,0.10278534889221191
6,0,real_beam1,4392.0,5468.0,19.6781272860278,5248.0,-16.3109756097561,5248.0,True,0.03321075439453125
6,0,real_beam10,5248.0,5468.0,4.023408924652524,5248.0,0.0,5248.0,True,0.15500664710998535
6,0,real_beam20,5248.0,5468.0,4.023408924652524,5248.0,0.0,5248.0,True,0.31379079818725586
6,1,real_beam1,3917.0,5844.0,32.973990417522245,4466.0,-12.292879534258844,4552.0,True,0.03235888481140137
6,1,real_beam10,4331.0,5844.0,25.889801505817932,4466.0,-3.0228392297357813,4552.0,True,0.17606091499328613
6,1,real_beam20,4466.0,5844.0,23.579739904175224,4466.0,0.0,4552.0,True,0.33785152435302734
6,2,real_beam1,4299.0,5133.0,16.24780829924021,4369.0,-1.6021972991531241,4791.0,True,0.03587627410888672
6,2,real_beam10,4369.0,5133.0,14.884083382037794,4369.0,0.0,4791.0,True,0.17041468620300293
6,2,real_beam20,4369.0,5133.0,14.884083382037794,4369.0,0.0,4791.0,True,0.3189585208892822
7,0,real_beam1,4034.0,4694.0,14.060502769492969,4621.0,-12.702878164899372,4694.0,True,0.027190208435058594
7,0,real_beam10,4305.0,4694.0,8.287175117170856,4621.0,-6.838346678208181,4694.0,True,0.1084282398223877
7,0,real_beam20,4621.0,4694.0,1.5551768214742225,4621.0,0.0,4694.0,True,0.20599579811096191
7,1,real_beam1,3551.0,4432.0,19.87815884476534,4317.0,-17.7438035672921,4317.0,True,0.027008771896362305
7,1,real_beam10,4317.0,4432.0,2.594765342960289,4317.0,0.0,4317.0,True,0.1370081901550293
7,1,real_beam20,4317.0,4432.0,2.594765342960289,4317.0,0.0,4317.0,True,0.20968937873840332
7,2,real_beam1,2597.0,3577.0,27.397260273972602,3207.0,-19.020891799189275,3577.0,True,0.0268402099609375
7,2,real_beam10,3287.0,3577.0,8.107352530053118,3207.0,2.4945431867789214,3577.0,True,0.12392735481262207
7,2,real_beam20,3287.0,3577.0,8.107352530053118,3207.0,2.4945431867789214,3577.0,True,0.2001631259918213
8,0,real_beam1,4283.0,5207.0,17.745342807758785,4539.0,-5.640008812513769,4941.0,True,0.026582002639770508
8,0,real_beam10,4539.0,5207.0,12.828884194353755,4539.0,0.0,4941.0,True,0.154510498046875
8,0,real_beam20,4539.0,5207.0,12.828884194353755,4539.0,0.0,4941.0,True,0.30889201164245605
8,1,real_beam1,2564.0,4303.0,40.41366488496398,4172.0,-38.54266538830297,3269.0,True,0.022365093231201172
8,1,real_beam10,3081.0,4303.0,28.3987915407855,4172.0,-26.15052732502397,3269.0,True,0.16869020462036133
8,1,real_beam20,3228.0,4303.0,24.982570299790844,4172.0,-22.627037392138064,3269.0,True,0.3315916061401367
8,2,real_beam1,4982.0,6563.0,24.089593173853423,6300.0,-20.92063492063492,6300.0,True,0.035384416580200195
8,2,real_beam10,6300.0,6563.0,4.00731372847783,6300.0,0.0,6300.0,True,0.1735389232635498
8,2,real_beam20,6300.0,6563.0,4.00731372847783,6300.0,0.0,6300.0,True,0.3564136028289795
9,0,real_beam1,905.0,1145.0,20.96069868995633,1145.0,-20.96069868995633,941.0,True,0.021200180053710938
9,0,real_beam10,941.0,1145.0,17.81659388646288,1145.0,-17.81659388646288,941.0,True,0.17512035369873047
9,0,real_beam20,1145.0,1145.0,0.0,1145.0,0.0,941.0,True,0.28383636474609375
9,1,real_beam1,298.0,2608.0,88.57361963190185,2608.0,-88.57361963190185,2608.0,True,0.016951322555541992
9,1,real_beam10,2608.0,2608.0,0.0,2608.0,0.0,2608.0,True,0.1692492961883545
9,1,real_beam20,2608.0,2608.0,0.0,2608.0,0.0,2608.0,True,0.30588316917419434
9,2,real_beam1,69.0,1486.0,95.35666218034994,195.0,-64.61538461538461,195.0,True,0.015661954879760742
9,2,real_beam10,1486.0,1486.0,0.0,195.0,662.051282051282,195.0,True,0.1238100528717041
9,2,real_beam20,1486.0,1486.0,0.0,195.0,662.051282051282,195.0,True,0.2558412551879883
10,0,real_beam1,6109.0,6402.0,4.57669478288035,6402.0,-4.57669478288035,6402.0,True,0.016605615615844727
10,0,real_beam10,6402.0,6402.0,0.0,6402.0,0.0,6402.0,True,0.08984923362731934
10,0,real_beam20,6402.0,6402.0,0.0,6402.0,0.0,6402.0,True,0.1253652572631836
10,1,real_beam1,223.0,2880.0,92.25694444444444,2880.0,-92.25694444444444,2880.0,True,0.009966850280761719
10,1,real_beam10,2880.0,2880.0,0.0,2880.0,0.0,2880.0,True,0.09813857078552246
10,1,real_beam20,2880.0,2880.0,0.0,2880.0,0.0,2880.0,True,0.12703824043273926
10,2,real_beam1,386.0,2842.0,86.41801548205488,2842.0,-86.41801548205488,2842.0,True,0.009978294372558594
10,2,real_beam10,2842.0,2842.0,0.0,2842.0,0.0,2842.0,True,0.11349010467529297
10,2,real_beam20,2842.0,2842.0,0.0,2842.0,0.0,2842.0,True,0.12684345245361328
11,0,real_beam1,2887.0,5623.0,48.65730037346612,5623.0,-48.65730037346612,4560.0,True,0.033882856369018555
11,0,real_beam10,4462.0,5623.0,20.647341276898455,5623.0,-20.647341276898455,4560.0,True,0.20323586463928223
11,0,real_beam20,4663.0,5623.0,17.072736973146007,5623.0,-17.072736973146007,4560.0,True,0.3888225555419922
11,1,real_beam1,3353.0,6198.0,45.901903839948375,4728.0,-29.082064297800336,4662.0,True,0.02835869789123535
11,1,real_beam10,4555.0,6198.0,26.508551145530816,4728.0,-3.6590524534686972,4662.0,True,0.20142841339111328
11,1,real_beam20,4555.0,6198.0,26.508551145530816,4728.0,-3.6590524534686972,4662.0,True,0.36329078674316406
11,2,real_beam1,2515.0,5843.0,56.95704261509499,5558.0,-54.74991003958258,5071.0,True,0.02855682373046875
11,2,real_beam10,4672.0,5843.0,20.041074790347423,5558.0,-15.940985966174884,5071.0,True,0.2297217845916748
11,2,real_beam20,4672.0,5843.0,20.041074790347423,5558.0,-15.940985966174884,5071.0,True,0.391049861907959
12,0,real_beam1,5499.0,6230.0,11.73354735152488,5645.0,-2.586359610274579,5569.0,True,0.03848886489868164
12,0,real_beam10,5449.0,6230.0,12.536115569823437,5645.0,-3.4720992028343667,5569.0,True,0.21288251876831055
12,0,real_beam20,5449.0,6230.0,12.536115569823437,5645.0,-3.4720992028343667,5569.0,True,0.4185364246368408
12,1,real_beam1,4459.0,5918.0,24.653599188915173,4017.0,11.003236245954692,5210.0,True,0.03926825523376465
12,1,real_beam10,4053.0,5918.0,31.514025008448797,4017.0,0.8961911874533234,5210.0,True,0.1887969970703125
12,1,real_beam20,4881.0,5918.0,17.522811760729976,4017.0,21.50858849887976,5210.0,True,0.39700841903686523
12,2,real_beam1,4945.0,5763.0,14.193996182543813,4176.0,18.414750957854405,5051.0,True,0.03863883018493652
12,2,real_beam10,4454.0,5763.0,22.71386430678466,4176.0,6.657088122605365,5051.0,True,0.19120025634765625
12,2,real_beam20,4454.0,5763.0,22.71386430678466,4176.0,6.657088122605365,5051.0,True,0.3702828884124756
13,0,real_beam1,3708.0,5826.0,36.35427394438723,4427.0,-16.241246894059184,4721.0,True,0.038547515869140625
13,0,real_beam10,4558.0,5826.0,21.764503947820117,4427.0,2.959114524508697,4721.0,True,0.1704239845275879
13,0,real_beam20,4963.0,5826.0,14.81290765533814,4427.0,12.10752202394398,4721.0,True,0.3270382881164551
13,1,real_beam1,4633.0,5724.0,19.06009783368274,3878.0,19.468798349664777,5232.0,True,0.027144432067871094
13,1,real_beam10,4514.0,5724.0,21.13906359189378,3878.0,16.400206291903043,5232.0,True,0.17546844482421875
13,1,real_beam20,4514.0,5724.0,21.13906359189378,3878.0,16.400206291903043,5232.0,True,0.3314642906188965
13,2,real_beam1,4895.0,5518.0,11.29032258064516,5198.0,-5.829165063485956,4639.0,True,0.032868385314941406
13,2,real_beam10,4663.0,5518.0,15.494744472635013,5198.0,-10.292420161600615,4639.0,True,0.19635486602783203
13,2,real_beam20,4718.0,5518.0,14.498006524102935,5198.0,-9.23432089265102,4639.0,True,0.38035035133361816
14,0,real_beam1,3539.0,4347.0,18.58753163100989,4347.0,-18.58753163100989,3757.0,True,0.015565633773803711
14,0,real_beam10,4132.0,4347.0,4.945939728548424,4347.0,-4.945939728548424,3757.0,True,0.1036529541015625
14,0,real_beam20,4132.0,4347.0,4.945939728548424,4347.0,-4.945939728548424,3757.0,True,0.13919305801391602
14,1,real_beam1,3140.0,3324.0,5.535499398315283,3324.0,-5.535499398315283,3324.0,True,0.015756845474243164
14,1,real_beam10,3140.0,3324.0,5.535499398315283,3324.0,-5.535499398315283,3324.0,True,0.09825587272644043
14,1,real_beam20,3324.0,3324.0,0.0,3324.0,0.0,3324.0,True,0.142777681350708
14,2,real_beam1,5642.0,5642.0,0.0,5642.0,0.0,5642.0,True,0.015592575073242188
14,2,real_beam10,5642.0,5642.0,0.0,5642.0,0.0,5642.0,True,0.09239768981933594
14,2,real_beam20,5642.0,5642.0,0.0,5642.0,0.0,5642.0,True,0.1526014804840088
15,0,real_beam1,4373.0,5266.0,16.95784276490695,4788.0,-8.66750208855472,5266.0,True,0.032652854919433594
15,0,real_beam10,4567.0,5266.0,13.27383213064945,4788.0,-4.6157059314954045,5266.0,True,0.17257094383239746
15,0,real_beam20,4567.0,5266.0,13.27383213064945,4788.0,-4.6157059314954045,5266.0,True,0.31928181648254395
15,1,real_beam1,2987.0,5112.0,41.56885758998435,4542.0,-34.23601937472479,4259.0,True,0.027784347534179688
15,1,real_beam10,4327.0,5112.0,15.35602503912363,4542.0,-4.733597534125936,4259.0,True,0.17902183532714844
15,1,real_beam20,4533.0,5112.0,11.326291079812206,4542.0,-0.19815059445178335,4259.0,True,0.3996012210845947
15,2,real_beam1,4650.0,5164.0,9.953524399690163,4652.0,-0.04299226139294927,5008.0,True,0.032756805419921875
15,2,real_beam10,4481.0,5164.0,13.226181254841208,4652.0,-3.6758383490971624,5008.0,True,0.17346858978271484
15,2,real_beam20,4716.0,5164.0,8.675445391169635,4652.0,1.3757523645743766,5008.0,True,0.32027602195739746
16,0,real_beam1,4777.0,5842.0,18.23005819924683,4680.0,2.0726495726495724,5457.0,True,0.032462120056152344
16,0,real_beam10,4434.0,5842.0,24.101335159192057,4680.0,-5.256410256410256,5457.0,True,0.16843605041503906
16,0,real_beam20,4999.0,5842.0,14.429989729544676,4680.0,6.816239316239316,5457.0,True,0.33817481994628906
16,1,real_beam1,4500.0,5588.0,19.470293486041516,5288.0,-14.901664145234495,5530.0,True,0.03861856460571289
16,1,real_beam10,4692.0,5588.0,16.034359341445956,5288.0,-11.270801815431165,5530.0,True,0.17628240585327148
16,1,real_beam20,4692.0,5588.0,16.034359341445956,5288.0,-11.270801815431165,5530.0,True,0.3305189609527588
16,2,real_beam1,5366.0,6089.0,11.873870914764328,6089.0,-11.873870914764328,6089.0,True,0.04049110412597656
16,2,real_beam10,4470.0,6089.0,26.58893085892593,6089.0,-26.58893085892593,6089.0,True,0.17496943473815918
16,2,real_beam20,5840.0,6089.0,4.089341435375267,6089.0,-4.089341435375267,6089.0,True,0.39946866035461426
17,0,real_beam1,3852.0,5672.0,32.08744710860367,4986.0,-22.743682310469314,5489.0,True,0.03346419334411621
17,0,real_beam10,4741.0,5672.0,16.413963328631876,4986.0,-4.913758523866827,5489.0,True,0.17890477180480957
17,0,real_beam20,4763.0,5672.0,16.026093088857547,4986.0,-4.472523064580827,5489.0,True,0.3327772617340088
17,1,real_beam1,4765.0,6468.0,26.329622758194187,4482.0,6.314145470771977,6394.0,True,0.032630205154418945
17,1,real_beam10,6222.0,6468.0,3.803339517625232,4482.0,38.82195448460509,6394.0,True,0.257002592086792
17,1,real_beam20,6222.0,6468.0,3.803339517625232,4482.0,38.82195448460509,6394.0,True,0.48261022567749023
17,2,real_beam1,4794.0,5512.0,13.02612481857765,3948.0,21.428571428571427,5222.0,True,0.03825879096984863
17,2,real_beam10,4464.0,5512.0,19.013062409288825,3948.0,13.069908814589665,5222.0,True,0.16585969924926758
17,2,real_beam20,4960.0,5512.0,10.014513788098693,3948.0,25.633232016210737,5222.0,True,0.4132990837097168
18,0,real_beam1,2767.0,5233.0,47.124020638257214,4162.0,-33.51753964440173,4162.0,True,0.01752448081970215
18,0,real_beam10,4162.0,5233.0,20.466271737053315,4162.0,0.0,4162.0,True,0.1515028476715088
18,0,real_beam20,4162.0,5233.0,20.466271737053315,4162.0,0.0,4162.0,True,0.26967668533325195
18,1,real_beam1,1984.0,4956.0,59.96771589991929,4703.0,-57.8141611737189,4104.0,True,0.0157163143157959
18,1,real_beam10,3888.0,4956.0,21.54963680387409,4703.0,-17.3293642355943,4104.0,True,0.1590118408203125
18,1,real_beam20,3932.0,4956.0,20.66182405165456,4703.0,-16.39379119710823,4104.0,True,0.28613948822021484
18,2,real_beam1,5189.0,5303.0,2.149726569866113,5189.0,0.0,5189.0,True,0.033019065856933594
18,2,real_beam10,5303.0,5303.0,0.0,5189.0,2.1969550973212564,5189.0,True,0.16634821891784668
18,2,real_beam20,5303.0,5303.0,0.0,5189.0,2.1969550973212564,5189.0,True,0.31621241569519043
19,0,real_beam1,1854.0,3182.0,41.734758013827786,3182.0,-41.734758013827786,3182.0,True,0.015572547912597656
19,0,real_beam10,3182.0,3182.0,0.0,3182.0,0.0,3182.0,True,0.1072995662689209
19,0,real_beam20,3182.0,3182.0,0.0,3182.0,0.0,3182.0,True,0.18090152740478516
19,1,real_beam1,2777.0,2777.0,0.0,2279.0,21.8516893374287,2279.0,True,0.016930580139160156
19,1,real_beam10,2777.0,2777.0,0.0,2279.0,21.8516893374287,2279.0,True,0.0924677848815918
19,1,real_beam20,2777.0,2777.0,0.0,2279.0,21.8516893374287,2279.0,True,0.16683149337768555
19,2,real_beam1,3146.0,3146.0,0.0,3146.0,0.0,3146.0,True,0.015873432159423828
19,2,real_beam10,3146.0,3146.0,0.0,3146.0,0.0,3146.0,True,0.0841836929321289
19,2,real_beam20,3146.0,3146.0,0.0,3146.0,0.0,3146.0,True,0.15269780158996582
20,0,real_beam1,1547.0,5335.0,71.00281162136832,5335.0,-71.00281162136832,5335.0,True,0.015915632247924805
20,0,real_beam10,5335.0,5335.0,0.0,5335.0,0.0,5335.0,True,0.13904595375061035
20,0,real_beam20,5335.0,5335.0,0.0,5335.0,0.0,5335.0,True,0.24009323120117188
20,1,real_beam1,-1082.0,977.0,210.7471852610031,977.0,-210.7471852610031,977.0,True,0.021282434463500977
20,1,real_beam10,977.0,977.0,0.0,977.0,0.0,977.0,True,0.1618022918701172
20,1,real_beam20,977.0,977.0,0.0,977.0,0.0,977.0,True,0.23196172714233398
20,2,real_beam1,2620.0,3651.0,28.2388386743358,3651.0,-28.2388386743358,2620.0,True,0.0211794376373291
20,2,real_beam10,3651.0,3651.0,0.0,3651.0,0.0,2620.0,True,0.14587926864624023
20,2,real_beam20,3651.0,3651.0,0.0,3651.0,0.0,2620.0,True,0.24094271659851074
21,0,real_beam1,2932.0,2932.0,0.0,1336.0,119.46107784431138,1336.0,True,0.016962051391601562
21,0,real_beam10,2932.0,2932.0,0.0,1336.0,119.46107784431138,1336.0,True,0.11562228202819824
21,0,real_beam20,2932.0,2932.0,0.0,1336.0,119.46107784431138,1336.0,True,0.166748046875
21,1,real_beam1,720.0,720.0,0.0,-253.0,-384.5849802371541,-1244.0,True,0.012734413146972656
21,1,real_beam10,720.0,720.0,0.0,-253.0,-384.5849802371541,-1244.0,True,0.11203432083129883
21,1,real_beam20,720.0,720.0,0.0,-253.0,-384.5849802371541,-1244.0,True,0.13550686836242676
21,2,real_beam1,252.0,555.0,54.59459459459459,-703.0,-135.84637268847794,-671.0,True,0.011266469955444336
21,2,real_beam10,555.0,555.0,0.0,-703.0,-178.94736842105263,-671.0,True,0.12698578834533691
21,2,real_beam20,555.0,555.0,0.0,-703.0,-178.94736842105263,-671.0,True,0.18250751495361328
22,0,real_beam1,3093.0,3132.0,1.2452107279693485,3093.0,0.0,3093.0,True,0.01566791534423828
22,0,real_beam10,3132.0,3132.0,0.0,3093.0,1.2609117361784674,3093.0,True,0.1737513542175293
22,0,real_beam20,3132.0,3132.0,0.0,3093.0,1.2609117361784674,3093.0,True,0.3347432613372803
22,1,real_beam1,2901.0,3287.0,11.743230909644051,3287.0,-11.743230909644051,3287.0,True,0.01563239097595215
22,1,real_beam10,3287.0,3287.0,0.0,3287.0,0.0,3287.0,True,0.11553525924682617
22,1,real_beam20,3287.0,3287.0,0.0,3287.0,0.0,3287.0,True,0.25762128829956055
22,2,real_beam1,5529.0,5529.0,0.0,5529.0,0.0,1522.0,True,0.021148681640625
22,2,real_beam10,5529.0,5529.0,0.0,5529.0,0.0,1522.0,True,0.1571657657623291
22,2,real_beam20,5529.0,5529.0,0.0,5529.0,0.0,1522.0,True,0.27886080741882324
23,0,real_beam1,4044.0,5794.0,30.203658957542284,5127.0,-21.1234640140433,4478.0,True,0.03270316123962402
23,0,real_beam10,4915.0,5794.0,15.17086641353124,5127.0,-4.134971718353813,4478.0,True,0.19915533065795898
23,0,real_beam20,4915.0,5794.0,15.17086641353124,5127.0,-4.134971718353813,4478.0,True,0.378159761428833
23,1,real_beam1,3932.0,6289.0,37.478136428685005,5826.0,-32.509440439409545,5048.0,True,0.028927087783813477
23,1,real_beam10,5723.0,6289.0,8.999840992208618,5826.0,-1.7679368348781324,5048.0,True,0.23064017295837402
23,1,real_beam20,5839.0,6289.0,7.155350612179996,5826.0,0.22313765877102643,5048.0,True,0.419018030166626
23,2,real_beam1,3444.0,5772.0,40.33264033264034,4976.0,-30.787781350482312,5068.0,True,0.027747392654418945
23,2,real_beam10,4445.0,5772.0,22.99029799029799,4976.0,-10.671221864951768,5068.0,True,0.17038393020629883
23,2,real_beam20,4445.0,5772.0,22.99029799029799,4976.0,-10.671221864951768,5068.0,True,0.30284595489501953
24,0,real_beam1,3902.0,5097.0,23.445163821855992,4712.0,-17.190152801358234,4936.0,True,0.03263235092163086
24,0,real_beam10,4936.0,5097.0,3.1587208161663725,4712.0,4.753820033955857,4936.0,True,0.16365814208984375
24,0,real_beam20,4936.0,5097.0,3.1587208161663725,4712.0,4.753820033955857,4936.0,True,0.26694607734680176
24,1,real_beam1,5203.0,5203.0,0.0,4642.0,12.085308056872037,3451.0,True,0.03226900100708008
24,1,real_beam10,4621.0,5203.0,11.185854314818373,4642.0,-0.4523912106850495,3451.0,True,0.1903824806213379
24,1,real_beam20,4621.0,5203.0,11.185854314818373,4642.0,-0.4523912106850495,3451.0,True,0.3315880298614502
24,2,real_beam1,4400.0,5406.0,18.608953015168332,5406.0,-18.608953015168332,5193.0,True,0.03575563430786133
24,2,real_beam10,5406.0,5406.0,0.0,5406.0,0.0,5193.0,True,0.16327190399169922
24,2,real_beam20,5406.0,5406.0,0.0,5406.0,0.0,5193.0,True,0.28469228744506836
25,0,real_beam1,1484.0,1484.0,0.0,1484.0,0.0,1484.0,True,0.01560664176940918
25,0,real_beam10,1484.0,1484.0,0.0,1484.0,0.0,1484.0,True,0.06517457962036133
25,0,real_beam20,1484.0,1484.0,0.0,1484.0,0.0,1484.0,True,0.07448935508728027
25,1,real_beam1,1900.0,1900.0,0.0,1900.0,0.0,1900.0,True,0.016451597213745117
25,1,real_beam10,1900.0,1900.0,0.0,1900.0,0.0,1900.0,True,0.06264233589172363
25,1,real_beam20,1900.0,1900.0,0.0,1900.0,0.0,1900.0,True,0.06250548362731934
25,2,real_beam1,1687.0,1687.0,0.0,1687.0,0.0,1687.0,True,0.01562666893005371
25,2,real_beam10,1687.0,1687.0,0.0,1687.0,0.0,1687.0,True,0.05667304992675781
25,2,real_beam20,1687.0,1687.0,0.0,1687.0,0.0,1687.0,True,0.0594174861907959
26,0,real_beam1,436.0,4791.0,90.89960342308495,4394.0,-90.07737824305872,4791.0,True,0.03253960609436035
26,0,real_beam10,4131.0,4791.0,13.775829680651222,4394.0,-5.985434683659536,4791.0,True,0.15233802795410156
26,0,real_beam20,4567.0,4791.0,4.6754331037361725,4394.0,3.9371870732817476,4791.0,True,0.24274396896362305
26,1,real_beam1,3918.0,4931.0,20.54350030419793,4931.0,-20.54350030419793,4225.0,True,0.026976823806762695
26,1,real_beam10,4094.0,4931.0,16.97424457513689,4931.0,-16.97424457513689,4225.0,True,0.1347503662109375
26,1,real_beam20,4454.0,4931.0,9.673494220239302,4931.0,-9.673494220239302,4225.0,True,0.24274349212646484
26,2,real_beam1,281.0,4635.0,93.93743257820928,4418.0,-93.63965595291988,4145.0,True,0.03270292282104492
26,2,real_beam10,4029.0,4635.0,13.074433656957929,4418.0,-8.80488909008601,4145.0,True,0.12943005561828613
26,2,real_beam20,4418.0,4635.0,4.681769147788565,4418.0,0.0,4145.0,True,0.19255328178405762
27,0,real_beam1,4092.0,5106.0,19.858989424206815,4902.0,-16.523867809057528,4738.0,True,0.027486324310302734
27,0,real_beam10,5106.0,5106.0,0.0,4902.0,4.16156670746634,4738.0,True,0.15035676956176758
27,0,real_beam20,4885.0,5106.0,4.328241284763024,4902.0,-0.346797225622195,4738.0,True,0.24451041221618652
27,1,real_beam1,4258.0,4852.0,12.24237427864798,4852.0,-12.24237427864798,4852.0,True,0.03250288963317871
27,1,real_beam10,3735.0,4852.0,23.021434460016486,4852.0,-23.021434460016486,4852.0,True,0.11513614654541016
27,1,real_beam20,4270.0,4852.0,11.995053586150041,4852.0,-11.995053586150041,4852.0,True,0.22211718559265137
27,2,real_beam1,4151.0,4987.0,16.76358532183678,4987.0,-16.76358532183678,4444.0,True,0.026971817016601562
27,2,real_beam10,4318.0,4987.0,13.414878684579909,4987.0,-13.414878684579909,4444.0,True,0.11897873878479004
27,2,real_beam20,4649.0,4987.0,6.777621816723481,4987.0,-6.777621816723481,4444.0,True,0.22411179542541504
28,0,real_beam1,4526.0,5328.0,15.052552552552553,4946.0,-8.491710473109583,4946.0,True,0.02727651596069336
28,0,real_beam10,4946.0,5328.0,7.169669669669669,4946.0,0.0,4946.0,True,0.1809234619140625
28,0,real_beam20,4946.0,5328.0,7.169669669669669,4946.0,0.0,4946.0,True,0.3387012481689453
28,1,real_beam1,3501.0,5272.0,33.59256449165402,4830.0,-27.51552795031056,4800.0,True,0.032361745834350586
28,1,real_beam10,4733.0,5272.0,10.223823975720789,4830.0,-2.008281573498965,4800.0,True,0.19995522499084473
28,1,real_beam20,4733.0,5272.0,10.223823975720789,4830.0,-2.008281573498965,4800.0,True,0.3441932201385498
28,2,real_beam1,3075.0,5096.0,39.6585557299843,4468.0,-31.177260519247984,4444.0,True,0.026973962783813477
28,2,real_beam10,4468.0,5096.0,12.323390894819466,4468.0,0.0,4444.0,True,0.18615436553955078
28,2,real_beam20,4754.0,5096.0,6.7111459968602825,4468.0,6.401074306177261,4444.0,True,0.3647501468658447
29,0,real_beam1,2204.0,2994.0,26.38610554442218,2994.0,-26.38610554442218,2755.0,True,0.021490097045898438
29,0,real_beam10,2994.0,2994.0,0.0,2994.0,0.0,2755.0,True,0.1436455249786377
29,0,real_beam20,2994.0,2994.0,0.0,2994.0,0.0,2755.0,True,0.22462964057922363
29,1,real_beam1,2908.0,3951.0,26.398380156922297,3946.0,-26.305119107957424,3946.0,True,0.021224260330200195
29,1,real_beam10,3946.0,3951.0,0.12655024044545685,3946.0,0.0,3946.0,True,0.12549805641174316
29,1,real_beam20,3946.0,3951.0,0.12655024044545685,3946.0,0.0,3946.0,True,0.19392848014831543
29,2,real_beam1,3377.0,4136.0,18.351063829787233,4136.0,-18.351063829787233,4136.0,True,0.027584314346313477
29,2,real_beam10,3382.0,4136.0,18.23017408123791,4136.0,-18.23017408123791,4136.0,True,0.12588977813720703
29,2,real_beam20,4136.0,4136.0,0.0,4136.0,0.0,4136.0,True,0.20499706268310547
30,0,real_beam1,4526.0,5039.0,10.180591387179996,4956.0,-8.67635189669088,4736.0,True,0.03293919563293457
30,0,real_beam10,4769.0,5039.0,5.358205993252629,4956.0,-3.77320419693301,4736.0,True,0.19548606872558594
30,0,real_beam20,4769.0,5039.0,5.358205993252629,4956.0,-3.77320419693301,4736.0,True,0.32320475578308105
30,1,real_beam1,4835.0,5257.0,8.027392048696976,5257.0,-8.027392048696976,5257.0,True,0.03278303146362305
30,1,real_beam10,5257.0,5257.0,0.0,5257.0,0.0,5257.0,True,0.23180818557739258
30,1,real_beam20,5257.0,5257.0,0.0,5257.0,0.0,5257.0,True,0.3972315788269043
30,2,real_beam1,4380.0,5274.0,16.95108077360637,4753.0,-7.847675152535241,4753.0,True,0.027092933654785156
30,2,real_beam10,4680.0,5274.0,11.262798634812286,4753.0,-1.5358720807910793,4753.0,True,0.19267964363098145
30,2,real_beam20,5274.0,5274.0,0.0,4753.0,10.961498001262362,4753.0,True,0.41240501403808594
31,0,real_beam1,4906.0,6654.0,26.269912834385334,5453.0,-10.031175499724922,5089.0,True,0.040045976638793945
31,0,real_beam10,5453.0,6654.0,18.049293657950106,5453.0,0.0,5089.0,True,0.2278604507446289
31,0,real_beam20,5453.0,6654.0,18.049293657950106,5453.0,0.0,5089.0,True,0.44814062118530273
31,1,real_beam1,3586.0,5965.0,39.882648784576695,5179.0,-30.75883375168951,5118.0,True,0.027062416076660156
31,1,real_beam10,5341.0,5965.0,10.461022632020118,5179.0,3.128016991697239,5118.0,True,0.2366175651550293
31,1,real_beam20,5341.0,5965.0,10.461022632020118,5179.0,3.128016991697239,5118.0,True,0.43709349632263184
31,2,real_beam1,4332.0,6061.0,28.526645768025077,4659.0,-7.018673535093367,5758.0,True,0.03288578987121582
31,2,real_beam10,4833.0,6061.0,20.260683055601387,4659.0,3.7347070186735354,5758.0,True,0.19817852973937988
31,2,real_beam20,5758.0,6061.0,4.9991750536215145,4659.0,23.588752951277097,5758.0,True,0.4347410202026367
32,0,real_beam1,4459.0,6006.0,25.757575757575758,4841.0,-7.89093162569717,4841.0,True,0.032775163650512695
32,0,real_beam10,4596.0,6006.0,23.476523476523475,4841.0,-5.060937822763892,4841.0,True,0.17821931838989258
32,0,real_beam20,4596.0,6006.0,23.476523476523475,4841.0,-5.060937822763892,4841.0,True,0.35608911514282227
32,1,real_beam1,5249.0,5575.0,5.8475336322869955,5347.0,-1.8328034411819711,5347.0,True,0.03851461410522461
32,1,real_beam10,5347.0,5575.0,4.089686098654709,5347.0,0.0,5347.0,True,0.19469189643859863
32,1,real_beam20,5347.0,5575.0,4.089686098654709,5347.0,0.0,5347.0,True,0.415269136428833
32,2,real_beam1,4529.0,6087.0,25.595531460489568,5943.0,-23.792697290930505,4628.0,True,0.027231454849243164
32,2,real_beam10,4717.0,6087.0,22.50698209298505,5943.0,-20.629311795389533,4628.0,True,0.18762564659118652
32,2,real_beam20,4983.0,6087.0,18.137013307047805,5943.0,-16.153457849570923,4628.0,True,0.3533170223236084
33,0,real_beam1,2023.0,2845.0,28.89279437609842,2845.0,-28.89279437609842,2845.0,True,0.021221637725830078
33,0,real_beam10,2845.0,2845.0,0.0,2845.0,0.0,2845.0,True,0.09673190116882324
33,0,real_beam20,2845.0,2845.0,0.0,2845.0,0.0,2845.0,True,0.11446166038513184
33,1,real_beam1,2964.0,3957.0,25.094768764215313,3957.0,-25.094768764215313,3957.0,True,0.021178245544433594
33,1,real_beam10,3957.0,3957.0,0.0,3957.0,0.0,3957.0,True,0.08936476707458496
33,1,real_beam20,3957.0,3957.0,0.0,3957.0,0.0,3957.0,True,0.12055730819702148
33,2,real_beam1,2742.0,4348.0,36.93652253909844,4348.0,-36.93652253909844,4348.0,True,0.022876977920532227
33,2,real_beam10,4348.0,4348.0,0.0,4348.0,0.0,4348.0,True,0.07917213439941406
33,2,real_beam20,4348.0,4348.0,0.0,4348.0,0.0,4348.0,True,0.1128835678100586
34,0,real_beam1,4256.0,6173.0,31.054592580592903,4298.0,-0.9771986970684038,5946.0,True,0.03288745880126953
34,0,real_beam10,4673.0,6173.0,24.299368216426373,4298.0,8.724988366682178,5946.0,True,0.19620656967163086
34,0,real_beam20,5192.0,6173.0,15.891786813542849,4298.0,20.80037226617031,5946.0,True,0.4254176616668701
34,1,real_beam1,4903.0,5675.0,13.603524229074889,4996.0,-1.8614891913530824,4996.0,True,0.03810763359069824
34,1,real_beam10,4860.0,5675.0,14.36123348017621,4996.0,-2.722177742193755,4996.0,True,0.1921992301940918
34,1,real_beam20,5505.0,5675.0,2.9955947136563874,4996.0,10.188150520416334,4996.0,True,0.4317147731781006
34,2,real_beam1,5363.0,6095.0,12.009844134536506,5489.0,-2.2955000910912733,5489.0,True,0.039621591567993164
34,2,real_beam10,5028.0,6095.0,17.506152584085317,5489.0,-8.39861541264347,5489.0,True,0.17664194107055664
34,2,real_beam20,5489.0,6095.0,9.942575881870386,5489.0,0.0,5489.0,True,0.3971984386444092
