start_node,rep,strategy,reward,ls_exact_reward,gap_pct,valid,rollout_time
0,0,beam1,2721.0,5031.0,45.915324985092425,True,0.39496493339538574
0,0,beam2,3406.0,5031.0,32.299741602067186,True,0.031749725341796875
0,0,beam3,3710.0,5031.0,26.25720532697277,True,0.04856133460998535
0,0,beam5,3710.0,5031.0,26.25720532697277,True,0.0831460952758789
0,0,beam7,3710.0,5031.0,26.25720532697277,True,0.10640549659729004
0,0,beam10,3710.0,5031.0,26.25720532697277,True,0.1409010887145996
0,1,beam1,2336.0,5546.0,57.879552830869095,True,0.01649332046508789
0,1,beam2,3597.0,5546.0,35.14244500540931,True,0.02714228630065918
0,1,beam3,3974.0,5546.0,28.3447529751172,True,0.04731130599975586
0,1,beam5,3587.0,5546.0,35.3227551388388,True,0.07961583137512207
0,1,beam7,4731.0,5546.0,14.695275874504146,True,0.11614274978637695
0,1,beam10,4731.0,5546.0,14.695275874504146,True,0.16287612915039062
0,2,beam1,2545.0,5123.0,50.32207690806169,True,0.016481876373291016
0,2,beam2,2042.0,5123.0,60.14054265079055,True,0.022045373916625977
0,2,beam3,3211.0,5123.0,37.32188170993558,True,0.048021554946899414
0,2,beam5,4028.0,5123.0,21.374194807729847,True,0.08790302276611328
0,2,beam7,4028.0,5123.0,21.374194807729847,True,0.1101529598236084
0,2,beam10,4028.0,5123.0,21.374194807729847,True,0.15751314163208008
1,0,beam1,4238.0,6087.0,30.376211598488585,True,0.026213884353637695
1,0,beam2,3856.0,6087.0,36.65188105799244,True,0.0452272891998291
1,0,beam3,4775.0,6087.0,21.55413175620174,True,0.0724644660949707
1,0,beam5,5071.0,6087.0,16.691309347790373,True,0.10248255729675293
1,0,beam7,5071.0,6087.0,16.691309347790373,True,0.13099122047424316
1,0,beam10,5071.0,6087.0,16.691309347790373,True,0.18034934997558594
1,1,beam1,3507.0,6039.0,41.92747143566816,True,0.02615809440612793
1,1,beam2,3507.0,6039.0,41.92747143566816,True,0.04114222526550293
1,1,beam3,3373.0,6039.0,44.14638185129988,True,0.05073237419128418
1,1,beam5,3440.0,6039.0,43.03692664348402,True,0.07522344589233398
1,1,beam7,3503.0,6039.0,41.99370756747806,True,0.104156494140625
1,1,beam10,3503.0,6039.0,41.99370756747806,True,0.1457829475402832
1,2,beam1,3883.0,6000.0,35.28333333333333,True,0.02645587921142578
1,2,beam2,4311.0,6000.0,28.15,True,0.045420169830322266
1,2,beam3,5007.0,6000.0,16.55,True,0.0727083683013916
1,2,beam5,5007.0,6000.0,16.55,True,0.10476493835449219
1,2,beam7,5007.0,6000.0,16.55,True,0.14043736457824707
1,2,beam10,5007.0,6000.0,16.55,True,0.18567132949829102
2,0,beam1,1083.0,5227.0,79.28065812129329,True,0.011104583740234375
2,0,beam2,4123.0,5227.0,21.12110197053759,True,0.03562498092651367
2,0,beam3,4123.0,5227.0,21.12110197053759,True,0.04641270637512207
2,0,beam5,4724.0,5227.0,9.623110770996748,True,0.08733868598937988
2,0,beam7,4724.0,5227.0,9.623110770996748,True,0.12688469886779785
2,0,beam10,4922.0,5227.0,5.835087048019897,True,0.1759655475616455
2,1,beam1,1061.0,5209.0,79.63140717988098,True,0.010914087295532227
2,1,beam2,3793.0,5209.0,27.183720483778078,True,0.031911611557006836
2,1,beam3,3793.0,5209.0,27.183720483778078,True,0.04787588119506836
2,1,beam5,5209.0,5209.0,0.0,True,0.08866214752197266
2,1,beam7,5209.0,5209.0,0.0,True,0.12238073348999023
2,1,beam10,4178.0,5209.0,19.792666538683047,True,0.15585017204284668
2,2,beam1,5743.0,6335.0,9.344909234411997,True,0.02608180046081543
2,2,beam2,5743.0,6335.0,9.344909234411997,True,0.0425412654876709
2,2,beam3,6335.0,6335.0,0.0,True,0.06703472137451172
2,2,beam5,6335.0,6335.0,0.0,True,0.09868335723876953
2,2,beam7,6335.0,6335.0,0.0,True,0.13274669647216797
2,2,beam10,6335.0,6335.0,0.0,True,0.18192768096923828
3,0,beam1,991.0,2315.0,57.19222462203024,True,0.015260934829711914
3,0,beam2,1721.0,2315.0,25.658747300215985,True,0.026251554489135742
3,0,beam3,1721.0,2315.0,25.658747300215985,True,0.03137946128845215
3,0,beam5,1721.0,2315.0,25.658747300215985,True,0.050241708755493164
3,0,beam7,1937.0,2315.0,16.328293736501077,True,0.07383871078491211
3,0,beam10,2128.0,2315.0,8.077753779697625,True,0.08727359771728516
3,1,beam1,3549.0,3932.0,9.74059003051882,True,0.016471385955810547
3,1,beam2,3932.0,3932.0,0.0,True,0.03018474578857422
3,1,beam3,3932.0,3932.0,0.0,True,0.0398106575012207
3,1,beam5,3932.0,3932.0,0.0,True,0.05472207069396973
3,1,beam7,3932.0,3932.0,0.0,True,0.07374191284179688
3,1,beam10,3932.0,3932.0,0.0,True,0.09292340278625488
3,2,beam1,1286.0,2278.0,43.546971027216856,True,0.015301942825317383
3,2,beam2,1791.0,2278.0,21.3784021071115,True,0.026120901107788086
3,2,beam3,1791.0,2278.0,21.3784021071115,True,0.03557705879211426
3,2,beam5,1791.0,2278.0,21.3784021071115,True,0.05471158027648926
3,2,beam7,2105.0,2278.0,7.594381035996488,True,0.08277416229248047
3,2,beam10,2105.0,2278.0,7.594381035996488,True,0.07980513572692871
4,0,beam1,-365.0,2386.0,115.29756915339479,True,0.016653060913085938
4,0,beam2,1369.0,2386.0,42.62363788767812,True,0.03254389762878418
4,0,beam3,1369.0,2386.0,42.62363788767812,True,0.03627204895019531
4,0,beam5,1719.0,2386.0,27.954735959765298,True,0.06583428382873535
4,0,beam7,1903.0,2386.0,20.2430846605197,True,0.08667731285095215
4,0,beam10,1903.0,2386.0,20.2430846605197,True,0.11913800239562988
4,1,beam1,1224.0,3057.0,59.96074582924435,True,0.010930061340332031
4,1,beam2,11.0,3057.0,99.64017010140661,True,0.03563213348388672
4,1,beam3,818.0,3057.0,73.24174026823684,True,0.04647350311279297
4,1,beam5,3057.0,3057.0,0.0,True,0.06542825698852539
4,1,beam7,3057.0,3057.0,0.0,True,0.09557509422302246
4,1,beam10,3057.0,3057.0,0.0,True,0.11733007431030273
4,2,beam1,2378.0,2518.0,5.559968228752978,True,0.016421794891357422
4,2,beam2,2378.0,2518.0,5.559968228752978,True,0.03149271011352539
4,2,beam3,830.0,2518.0,67.03733121525019,True,0.0506131649017334
4,2,beam5,2378.0,2518.0,5.559968228752978,True,0.07433676719665527
4,2,beam7,2378.0,2518.0,5.559968228752978,True,0.10095381736755371
4,2,beam10,2378.0,2518.0,5.559968228752978,True,0.1206820011138916
5,0,beam1,1066.0,3020.0,64.7019867549669,True,0.011040449142456055
5,0,beam2,1066.0,3020.0,64.7019867549669,True,0.020639657974243164
5,0,beam3,1066.0,3020.0,64.7019867549669,True,0.031131267547607422
5,0,beam5,3020.0,3020.0,0.0,True,0.04562258720397949
5,0,beam7,3020.0,3020.0,0.0,True,0.06043744087219238
5,0,beam10,3020.0,3020.0,0.0,True,0.07910323143005371
5,1,beam1,613.0,2379.0,74.23287095418243,True,0.010921478271484375
5,1,beam2,1361.0,2379.0,42.79108869272804,True,0.02607893943786621
5,1,beam3,1361.0,2379.0,42.79108869272804,True,0.035745859146118164
5,1,beam5,2379.0,2379.0,0.0,True,0.050576210021972656
5,1,beam7,2379.0,2379.0,0.0,True,0.07536005973815918
5,1,beam10,2379.0,2379.0,0.0,True,0.10362744331359863
5,2,beam1,1689.0,2908.0,41.918844566712515,True,0.016433238983154297
5,2,beam2,2164.0,2908.0,25.584594222833562,True,0.03036785125732422
5,2,beam3,2164.0,2908.0,25.584594222833562,True,0.03972792625427246
5,2,beam5,2908.0,2908.0,0.0,True,0.05053830146789551
5,2,beam7,2908.0,2908.0,0.0,True,0.06866312026977539
5,2,beam10,2908.0,2908.0,0.0,True,0.09654712677001953
6,0,beam1,4184.0,5696.0,26.54494382022472,True,0.022292137145996094
6,0,beam2,4636.0,5696.0,18.609550561797754,True,0.03303194046020508
6,0,beam3,4939.0,5696.0,13.29002808988764,True,0.04928946495056152
6,0,beam5,4939.0,5696.0,13.29002808988764,True,0.09189438819885254
6,0,beam7,5248.0,5696.0,7.865168539325842,True,0.10775518417358398
6,0,beam10,5248.0,5696.0,7.865168539325842,True,0.14806723594665527
6,1,beam1,1806.0,5844.0,69.0965092402464,True,0.016525983810424805
6,1,beam2,2435.0,5844.0,58.333333333333336,True,0.03691697120666504
6,1,beam3,2912.0,5844.0,50.171115674195754,True,0.057409048080444336
6,1,beam5,4321.0,5844.0,26.06091718001369,True,0.0969998836517334
6,1,beam7,4331.0,5844.0,25.889801505817932,True,0.11623477935791016
6,1,beam10,4331.0,5844.0,25.889801505817932,True,0.17454266548156738
6,2,beam1,1574.0,5133.0,69.3356711474771,True,0.010928153991699219
6,2,beam2,3011.0,5133.0,41.34034677576466,True,0.03150463104248047
6,2,beam3,3887.0,5133.0,24.274303526203,True,0.0586392879486084
6,2,beam5,3887.0,5133.0,24.274303526203,True,0.09395098686218262
6,2,beam7,4369.0,5133.0,14.884083382037794,True,0.11683320999145508
6,2,beam10,4369.0,5133.0,14.884083382037794,True,0.15398883819580078
7,0,beam1,3837.0,4694.0,18.25734980826587,True,0.020468711853027344
7,0,beam2,3837.0,4694.0,18.25734980826587,True,0.031330108642578125
7,0,beam3,3837.0,4694.0,18.25734980826587,True,0.04219365119934082
7,0,beam5,3837.0,4694.0,18.25734980826587,True,0.05817246437072754
7,0,beam7,4305.0,4694.0,8.287175117170856,True,0.07765698432922363
7,0,beam10,4305.0,4694.0,8.287175117170856,True,0.09661126136779785
7,1,beam1,3343.0,4432.0,24.57129963898917,True,0.02066349983215332
7,1,beam2,4005.0,4432.0,9.634476534296029,True,0.0410308837890625
7,1,beam3,4005.0,4432.0,9.634476534296029,True,0.04532670974731445
7,1,beam5,4005.0,4432.0,9.634476534296029,True,0.06882429122924805
7,1,beam7,4005.0,4432.0,9.634476534296029,True,0.08075690269470215
7,1,beam10,4317.0,4432.0,2.594765342960289,True,0.1312417984008789
7,2,beam1,1772.0,3577.0,50.46128040257199,True,0.016591310501098633
7,2,beam2,2754.0,3577.0,23.008107352530054,True,0.026192426681518555
7,2,beam3,2754.0,3577.0,23.008107352530054,True,0.03851938247680664
7,2,beam5,3287.0,3577.0,8.107352530053118,True,0.07595205307006836
7,2,beam7,3287.0,3577.0,8.107352530053118,True,0.09126019477844238
7,2,beam10,3287.0,3577.0,8.107352530053118,True,0.11692166328430176
8,0,beam1,5207.0,5207.0,0.0,True,0.03135323524475098
8,0,beam2,4389.0,5207.0,15.709621663145764,True,0.04690694808959961
8,0,beam3,4539.0,5207.0,12.828884194353755,True,0.05158352851867676
8,0,beam5,4539.0,5207.0,12.828884194353755,True,0.091064453125
8,0,beam7,4539.0,5207.0,12.828884194353755,True,0.12210798263549805
8,0,beam10,4539.0,5207.0,12.828884194353755,True,0.1471552848815918
8,1,beam1,1351.0,4303.0,68.6033000232396,True,0.011049032211303711
8,1,beam2,2864.0,4303.0,33.44178480130142,True,0.03686380386352539
8,1,beam3,3048.0,4303.0,29.16569834998838,True,0.054639339447021484
8,1,beam5,3081.0,4303.0,28.3987915407855,True,0.08193278312683105
8,1,beam7,3081.0,4303.0,28.3987915407855,True,0.11408138275146484
8,1,beam10,3081.0,4303.0,28.3987915407855,True,0.16051268577575684
8,2,beam1,4982.0,6563.0,24.089593173853423,True,0.03147315979003906
8,2,beam2,6300.0,6563.0,4.00731372847783,True,0.041059255599975586
8,2,beam3,6300.0,6563.0,4.00731372847783,True,0.05643749237060547
8,2,beam5,6300.0,6563.0,4.00731372847783,True,0.08757352828979492
8,2,beam7,6300.0,6563.0,4.00731372847783,True,0.12134909629821777
8,2,beam10,6300.0,6563.0,4.00731372847783,True,0.16391324996948242
9,0,beam1,905.0,1145.0,20.96069868995633,True,0.02063751220703125
9,0,beam2,905.0,1145.0,20.96069868995633,True,0.03018331527709961
9,0,beam3,905.0,1145.0,20.96069868995633,True,0.05067873001098633
9,0,beam5,905.0,1145.0,20.96069868995633,True,0.08005237579345703
9,0,beam7,941.0,1145.0,17.81659388646288,True,0.11535120010375977
9,0,beam10,941.0,1145.0,17.81659388646288,True,0.17444157600402832
9,1,beam1,298.0,2608.0,88.57361963190185,True,0.016402721405029297
9,1,beam2,2608.0,2608.0,0.0,True,0.041022539138793945
9,1,beam3,2608.0,2608.0,0.0,True,0.06138753890991211
9,1,beam5,2608.0,2608.0,0.0,True,0.0904548168182373
9,1,beam7,2608.0,2608.0,0.0,True,0.11745953559875488
9,1,beam10,2608.0,2608.0,0.0,True,0.1746222972869873
9,2,beam1,69.0,1821.0,96.21087314662273,True,0.01519322395324707
9,2,beam2,195.0,1821.0,89.29159802306425,True,0.034279584884643555
9,2,beam3,1821.0,1821.0,0.0,True,0.06407332420349121
9,2,beam5,1821.0,1821.0,0.0,True,0.08943843841552734
9,2,beam7,1821.0,1821.0,0.0,True,0.1158287525177002
9,2,beam10,1821.0,1821.0,0.0,True,0.15133976936340332
10,0,beam1,3470.0,6402.0,45.7981880662293,True,0.015111684799194336
10,0,beam2,6109.0,6402.0,4.57669478288035,True,0.02335977554321289
10,0,beam3,6402.0,6402.0,0.0,True,0.0335392951965332
10,0,beam5,6402.0,6402.0,0.0,True,0.0478665828704834
10,0,beam7,6402.0,6402.0,0.0,True,0.06561994552612305
10,0,beam10,6402.0,6402.0,0.0,True,0.08474326133728027
10,1,beam1,838.0,2880.0,70.90277777777779,True,0.015250205993652344
10,1,beam2,2880.0,2880.0,0.0,True,0.028670072555541992
10,1,beam3,838.0,2880.0,70.90277777777779,True,0.03291177749633789
10,1,beam5,2630.0,2880.0,8.680555555555555,True,0.05598807334899902
10,1,beam7,2630.0,2880.0,8.680555555555555,True,0.07604241371154785
10,1,beam10,2880.0,2880.0,0.0,True,0.10186553001403809
10,2,beam1,386.0,2842.0,86.41801548205488,True,0.009729862213134766
10,2,beam2,2842.0,2842.0,0.0,True,0.023601770401000977
10,2,beam3,2842.0,2842.0,0.0,True,0.035358428955078125
10,2,beam5,2842.0,2842.0,0.0,True,0.0474085807800293
10,2,beam7,2842.0,2842.0,0.0,True,0.07667088508605957
10,2,beam10,2842.0,2842.0,0.0,True,0.11342763900756836
11,0,beam1,2588.0,5623.0,53.97474657656055,True,0.016492128372192383
11,0,beam2,3116.0,5623.0,44.58474124133025,True,0.036859750747680664
11,0,beam3,3765.0,5623.0,33.042859683443005,True,0.0667119026184082
11,0,beam5,3913.0,5623.0,30.410812733416325,True,0.10731005668640137
11,0,beam7,4462.0,5623.0,20.647341276898455,True,0.1287519931793213
11,0,beam10,4462.0,5623.0,20.647341276898455,True,0.18924641609191895
11,1,beam1,3353.0,6198.0,45.901903839948375,True,0.026431798934936523
11,1,beam2,3353.0,6198.0,45.901903839948375,True,0.04958677291870117
11,1,beam3,4368.0,6198.0,29.525653436592446,True,0.0628049373626709
11,1,beam5,4417.0,6198.0,28.7350758309132,True,0.09163808822631836
11,1,beam7,4417.0,6198.0,28.7350758309132,True,0.12479829788208008
11,1,beam10,4555.0,6198.0,26.508551145530816,True,0.18463373184204102
11,2,beam1,1417.0,5843.0,75.74875919904159,True,0.010936260223388672
11,2,beam2,5803.0,5843.0,0.6845798391237378,True,0.058638811111450195
11,2,beam3,5803.0,5843.0,0.6845798391237378,True,0.08304953575134277
11,2,beam5,5393.0,5843.0,7.70152319014205,True,0.13591265678405762
11,2,beam7,4382.0,5843.0,25.004278623994523,True,0.12824082374572754
11,2,beam10,4672.0,5843.0,20.041074790347423,True,0.21729826927185059
12,0,beam1,2583.0,6230.0,58.539325842696634,True,0.01761484146118164
12,0,beam2,5891.0,6230.0,5.441412520064206,True,0.06006002426147461
12,0,beam3,5891.0,6230.0,5.441412520064206,True,0.07787108421325684
12,0,beam5,4151.0,6230.0,33.37078651685393,True,0.10081100463867188
12,0,beam7,5449.0,6230.0,12.536115569823437,True,0.1448061466217041
12,0,beam10,5449.0,6230.0,12.536115569823437,True,0.19386863708496094
12,1,beam1,3063.0,5918.0,48.242649543764784,True,0.021915674209594727
12,1,beam2,4975.0,5918.0,15.934437309901995,True,0.0630044937133789
12,1,beam3,5424.0,5918.0,8.34741466711727,True,0.08854794502258301
12,1,beam5,4321.0,5918.0,26.985468063534977,True,0.10478901863098145
12,1,beam7,4975.0,5918.0,15.934437309901995,True,0.16719651222229004
12,1,beam10,4053.0,5918.0,31.514025008448797,True,0.18114066123962402
12,2,beam1,1540.0,5763.0,73.27780669790039,True,0.010954618453979492
12,2,beam2,4942.0,5763.0,14.24605240326219,True,0.05771040916442871
12,2,beam3,4942.0,5763.0,14.24605240326219,True,0.07227110862731934
12,2,beam5,4836.0,5763.0,16.08537220197814,True,0.10934925079345703
12,2,beam7,4454.0,5763.0,22.71386430678466,True,0.13493943214416504
12,2,beam10,4454.0,5763.0,22.71386430678466,True,0.18107318878173828
13,0,beam1,3335.0,5826.0,42.75660830758668,True,0.027342557907104492
13,0,beam2,4150.0,5826.0,28.767593546172332,True,0.03651285171508789
13,0,beam3,5255.0,5826.0,9.800892550635085,True,0.06487107276916504
13,0,beam5,5255.0,5826.0,9.800892550635085,True,0.10439467430114746
13,0,beam7,5255.0,5826.0,9.800892550635085,True,0.14081501960754395
13,0,beam10,5255.0,5826.0,9.800892550635085,True,0.18993282318115234
13,1,beam1,3792.0,5724.0,33.75262054507338,True,0.01101827621459961
13,1,beam2,4454.0,5724.0,22.187281621243883,True,0.031592369079589844
13,1,beam3,4454.0,5724.0,22.187281621243883,True,0.04786992073059082
13,1,beam5,4454.0,5724.0,22.187281621243883,True,0.07639384269714355
13,1,beam7,4514.0,5724.0,21.13906359189378,True,0.11191415786743164
13,1,beam10,4514.0,5724.0,21.13906359189378,True,0.16385245323181152
13,2,beam1,4117.0,5518.0,25.389633925335264,True,0.020652294158935547
13,2,beam2,4596.0,5518.0,16.70895251902863,True,0.0436098575592041
13,2,beam3,4639.0,5518.0,15.929684668358101,True,0.05907845497131348
13,2,beam5,4663.0,5518.0,15.494744472635013,True,0.0946354866027832
13,2,beam7,4663.0,5518.0,15.494744472635013,True,0.13658380508422852
13,2,beam10,4663.0,5518.0,15.494744472635013,True,0.1865553855895996
14,0,beam1,3539.0,4347.0,18.58753163100989,True,0.015202045440673828
14,0,beam2,3539.0,4347.0,18.58753163100989,True,0.024745702743530273
14,0,beam3,3539.0,4347.0,18.58753163100989,True,0.0397946834564209
14,0,beam5,3539.0,4347.0,18.58753163100989,True,0.06555604934692383
14,0,beam7,3539.0,4347.0,18.58753163100989,True,0.08525443077087402
14,0,beam10,4132.0,4347.0,4.945939728548424,True,0.11069703102111816
14,1,beam1,343.0,3324.0,89.68110709987967,True,0.020560741424560547
14,1,beam2,3140.0,3324.0,5.535499398315283,True,0.030191421508789062
14,1,beam3,3140.0,3324.0,5.535499398315283,True,0.03977394104003906
14,1,beam5,3140.0,3324.0,5.535499398315283,True,0.05059933662414551
14,1,beam7,3140.0,3324.0,5.535499398315283,True,0.06928777694702148
14,1,beam10,3140.0,3324.0,5.535499398315283,True,0.09694671630859375
14,2,beam1,2035.0,5642.0,63.93123006026232,True,0.01770949363708496
14,2,beam2,5642.0,5642.0,0.0,True,0.02346944808959961
14,2,beam3,5642.0,5642.0,0.0,True,0.03563189506530762
14,2,beam5,5642.0,5642.0,0.0,True,0.0533905029296875
14,2,beam7,5642.0,5642.0,0.0,True,0.07633018493652344
14,2,beam10,5642.0,5642.0,0.0,True,0.10231137275695801
15,0,beam1,2740.0,5266.0,47.968097227497154,True,0.021893024444580078
15,0,beam2,3710.0,5266.0,29.548044056209648,True,0.03696703910827637
15,0,beam3,3710.0,5266.0,29.548044056209648,True,0.04777193069458008
15,0,beam5,3829.0,5266.0,27.28826433725788,True,0.07907867431640625
15,0,beam7,4396.0,5266.0,16.521078617546525,True,0.10571169853210449
15,0,beam10,3863.0,5266.0,26.64261298898595,True,0.149766206741333
15,1,beam1,2628.0,5112.0,48.59154929577465,True,0.021991968154907227
15,1,beam2,3990.0,5112.0,21.948356807511736,True,0.04793977737426758
15,1,beam3,3752.0,5112.0,26.604068857589986,True,0.05634021759033203
15,1,beam5,3752.0,5112.0,26.604068857589986,True,0.0905299186706543
15,1,beam7,4327.0,5112.0,15.35602503912363,True,0.11331748962402344
15,1,beam10,4327.0,5112.0,15.35602503912363,True,0.16149067878723145
15,2,beam1,4139.0,5164.0,19.84895429899303,True,0.02660059928894043
15,2,beam2,4139.0,5164.0,19.84895429899303,True,0.042491912841796875
15,2,beam3,4139.0,5164.0,19.84895429899303,True,0.0477900505065918
15,2,beam5,4139.0,5164.0,19.84895429899303,True,0.07363009452819824
15,2,beam7,4139.0,5164.0,19.84895429899303,True,0.1078639030456543
15,2,beam10,4468.0,5164.0,13.477924089852827,True,0.1585853099822998
16,0,beam1,4777.0,5842.0,18.23005819924683,True,0.03156733512878418
16,0,beam2,5053.0,5842.0,13.505648750427934,True,0.037004709243774414
16,0,beam3,5053.0,5842.0,13.505648750427934,True,0.047826290130615234
16,0,beam5,4863.0,5842.0,16.757959602875726,True,0.08579611778259277
16,0,beam7,4530.0,5842.0,22.458062307428964,True,0.10272550582885742
16,0,beam10,4434.0,5842.0,24.101335159192057,True,0.1571955680847168
16,1,beam1,1987.0,5588.0,64.44166070150322,True,0.01092982292175293
16,1,beam2,1987.0,5588.0,64.44166070150322,True,0.01741623878479004
16,1,beam3,4746.0,5588.0,15.068002863278455,True,0.05974316596984863
16,1,beam5,4684.0,5588.0,16.177523264137434,True,0.09702086448669434
16,1,beam7,4684.0,5588.0,16.177523264137434,True,0.13115501403808594
16,1,beam10,4692.0,5588.0,16.034359341445956,True,0.1734635829925537
16,2,beam1,1930.0,6089.0,68.30349811134833,True,0.011055231094360352
16,2,beam2,4646.0,6089.0,23.698472655608473,True,0.04243159294128418
16,2,beam3,4558.0,6089.0,25.143701757267202,True,0.058699607849121094
16,2,beam5,5418.0,6089.0,11.019871900147809,True,0.1037442684173584
16,2,beam7,5418.0,6089.0,11.019871900147809,True,0.1493823528289795
16,2,beam10,4762.0,6089.0,21.793397930694695,True,0.18819975852966309
17,0,beam1,3417.0,5672.0,39.75669957686883,True,0.027362585067749023
17,0,beam2,4785.0,5672.0,15.638222849083217,True,0.04259967803955078
17,0,beam3,4785.0,5672.0,15.638222849083217,True,0.0629274845123291
17,0,beam5,4986.0,5672.0,12.094499294781382,True,0.09418368339538574
17,0,beam7,4986.0,5672.0,12.094499294781382,True,0.12274026870727539
17,0,beam10,4741.0,5672.0,16.413963328631876,True,0.16753101348876953
17,1,beam1,5306.0,6468.0,17.965367965367964,True,0.03165698051452637
17,1,beam2,5306.0,6468.0,17.965367965367964,True,0.0560612678527832
17,1,beam3,5306.0,6468.0,17.965367965367964,True,0.07969808578491211
17,1,beam5,5351.0,6468.0,17.269635126777985,True,0.1245579719543457
17,1,beam7,5351.0,6468.0,17.269635126777985,True,0.1737959384918213
17,1,beam10,6222.0,6468.0,3.803339517625232,True,0.24354290962219238
17,2,beam1,2808.0,5512.0,49.056603773584904,True,0.016629695892333984
17,2,beam2,4071.0,5512.0,26.14296081277213,True,0.03706812858581543
17,2,beam3,4481.0,5512.0,18.70464441219158,True,0.05876040458679199
17,2,beam5,4464.0,5512.0,19.013062409288825,True,0.08703255653381348
17,2,beam7,4464.0,5512.0,19.013062409288825,True,0.11603927612304688
17,2,beam10,4464.0,5512.0,19.013062409288825,True,0.1623671054840088
18,0,beam1,1091.0,5248.0,79.2111280487805,True,0.010923385620117188
18,0,beam2,5155.0,5248.0,1.7721036585365852,True,0.031568288803100586
18,0,beam3,5155.0,5248.0,1.7721036585365852,True,0.051259517669677734
18,0,beam5,5155.0,5248.0,1.7721036585365852,True,0.06198382377624512
18,0,beam7,5155.0,5248.0,1.7721036585365852,True,0.08781814575195312
18,0,beam10,5155.0,5248.0,1.7721036585365852,True,0.15023446083068848
18,1,beam1,1113.0,4956.0,77.54237288135593,True,0.010933637619018555
18,1,beam2,455.0,4956.0,90.81920903954803,True,0.030280590057373047
18,1,beam3,3730.0,4956.0,24.73769168684423,True,0.05622363090515137
18,1,beam5,3888.0,4956.0,21.54963680387409,True,0.08469843864440918
18,1,beam7,3888.0,4956.0,21.54963680387409,True,0.11001706123352051
18,1,beam10,3888.0,4956.0,21.54963680387409,True,0.15096759796142578
18,2,beam1,1114.0,5303.0,78.99302281727324,True,0.011076211929321289
18,2,beam2,1114.0,5303.0,78.99302281727324,True,0.021003246307373047
18,2,beam3,5303.0,5303.0,0.0,True,0.06572437286376953
18,2,beam5,5303.0,5303.0,0.0,True,0.0953054428100586
18,2,beam7,5303.0,5303.0,0.0,True,0.12945842742919922
18,2,beam10,5303.0,5303.0,0.0,True,0.1628258228302002
19,0,beam1,2927.0,3182.0,8.013827781269642,True,0.016458511352539062
19,0,beam2,2927.0,3182.0,8.013827781269642,True,0.026157379150390625
19,0,beam3,3182.0,3182.0,0.0,True,0.041188716888427734
19,0,beam5,3182.0,3182.0,0.0,True,0.06161189079284668
19,0,beam7,3182.0,3182.0,0.0,True,0.0751500129699707
19,0,beam10,3182.0,3182.0,0.0,True,0.09675240516662598
19,1,beam1,-103.0,2777.0,103.7090385307886,True,0.011164188385009766
19,1,beam2,2323.0,2777.0,16.348577601728483,True,0.026067733764648438
19,1,beam3,2488.0,2777.0,10.406913935902052,True,0.03689765930175781
19,1,beam5,2777.0,2777.0,0.0,True,0.0574193000793457
19,1,beam7,2777.0,2777.0,0.0,True,0.08046388626098633
19,1,beam10,2777.0,2777.0,0.0,True,0.10329866409301758
19,2,beam1,401.0,3146.0,87.25365543547362,True,0.02234506607055664
19,2,beam2,401.0,3146.0,87.25365543547362,True,0.0381622314453125
19,2,beam3,3146.0,3146.0,0.0,True,0.026029348373413086
19,2,beam5,3146.0,3146.0,0.0,True,0.04850506782531738
19,2,beam7,3146.0,3146.0,0.0,True,0.06767535209655762
19,2,beam10,3146.0,3146.0,0.0,True,0.0846090316772461
20,0,beam1,2253.0,5335.0,57.76944704779756,True,0.02086019515991211
20,0,beam2,2253.0,5335.0,57.76944704779756,True,0.03704643249511719
20,0,beam3,5335.0,5335.0,0.0,True,0.05074167251586914
20,0,beam5,5335.0,5335.0,0.0,True,0.08626484870910645
20,0,beam7,5335.0,5335.0,0.0,True,0.11179709434509277
20,0,beam10,5335.0,5335.0,0.0,True,0.1540241241455078
20,1,beam1,343.0,977.0,64.89252814738997,True,0.021902799606323242
20,1,beam2,343.0,977.0,64.89252814738997,True,0.04789376258850098
20,1,beam3,343.0,977.0,64.89252814738997,True,0.06828951835632324
20,1,beam5,977.0,977.0,0.0,True,0.09755253791809082
20,1,beam7,977.0,977.0,0.0,True,0.12955617904663086
20,1,beam10,977.0,977.0,0.0,True,0.17458724975585938
20,2,beam1,21.0,3651.0,99.42481511914544,True,0.010938405990600586
20,2,beam2,3651.0,3651.0,0.0,True,0.03760957717895508
20,2,beam3,3651.0,3651.0,0.0,True,0.05065298080444336
20,2,beam5,3651.0,3651.0,0.0,True,0.07645750045776367
20,2,beam7,3651.0,3651.0,0.0,True,0.10645580291748047
20,2,beam10,3651.0,3651.0,0.0,True,0.1584322452545166
21,0,beam1,2932.0,2932.0,0.0,True,0.016532182693481445
21,0,beam2,2932.0,2932.0,0.0,True,0.03153228759765625
21,0,beam3,2932.0,2932.0,0.0,True,0.05203509330749512
21,0,beam5,2932.0,2932.0,0.0,True,0.08494114875793457
21,0,beam7,2932.0,2932.0,0.0,True,0.1274549961090088
21,0,beam10,2932.0,2932.0,0.0,True,0.16475510597229004
21,1,beam1,720.0,720.0,0.0,True,0.010926485061645508
21,1,beam2,720.0,720.0,0.0,True,0.02862548828125
21,1,beam3,720.0,720.0,0.0,True,0.04257941246032715
21,1,beam5,720.0,720.0,0.0,True,0.07993841171264648
21,1,beam7,720.0,720.0,0.0,True,0.09870696067810059
21,1,beam10,720.0,720.0,0.0,True,0.1596693992614746
21,2,beam1,252.0,555.0,54.59459459459459,True,0.010938882827758789
21,2,beam2,252.0,555.0,54.59459459459459,True,0.02727198600769043
21,2,beam3,252.0,555.0,54.59459459459459,True,0.05411934852600098
21,2,beam5,555.0,555.0,0.0,True,0.07561755180358887
21,2,beam7,555.0,555.0,0.0,True,0.10603547096252441
21,2,beam10,555.0,555.0,0.0,True,0.17071533203125
22,0,beam1,1529.0,3132.0,51.181353767560665,True,0.02650737762451172
22,0,beam2,1529.0,3132.0,51.181353767560665,True,0.04720950126647949
22,0,beam3,3093.0,3132.0,1.2452107279693485,True,0.054995059967041016
22,0,beam5,3093.0,3132.0,1.2452107279693485,True,0.09528231620788574
22,0,beam7,3132.0,3132.0,0.0,True,0.11647844314575195
22,0,beam10,3132.0,3132.0,0.0,True,0.16475939750671387
22,1,beam1,2901.0,3287.0,11.743230909644051,True,0.015192270278930664
22,1,beam2,2901.0,3287.0,11.743230909644051,True,0.024656295776367188
22,1,beam3,3287.0,3287.0,0.0,True,0.03966832160949707
22,1,beam5,3287.0,3287.0,0.0,True,0.05494236946105957
22,1,beam7,3287.0,3287.0,0.0,True,0.08895421028137207
22,1,beam10,3287.0,3287.0,0.0,True,0.11884784698486328
22,2,beam1,5529.0,5529.0,0.0,True,0.020626306533813477
22,2,beam2,5529.0,5529.0,0.0,True,0.02644801139831543
22,2,beam3,5529.0,5529.0,0.0,True,0.05541229248046875
22,2,beam5,5529.0,5529.0,0.0,True,0.08191800117492676
22,2,beam7,5529.0,5529.0,0.0,True,0.10517501831054688
22,2,beam10,5529.0,5529.0,0.0,True,0.16967988014221191
23,0,beam1,2549.0,5794.0,56.00621332412841,True,0.016666173934936523
23,0,beam2,3399.0,5794.0,41.335864687607874,True,0.04658651351928711
23,0,beam3,4784.0,5794.0,17.431826026924405,True,0.0725250244140625
23,0,beam5,4915.0,5794.0,15.17086641353124,True,0.11724352836608887
23,0,beam7,4915.0,5794.0,15.17086641353124,True,0.1486494541168213
23,0,beam10,4915.0,5794.0,15.17086641353124,True,0.19088029861450195
23,1,beam1,5416.0,6289.0,13.881380187629194,True,0.03527069091796875
23,1,beam2,5723.0,6289.0,8.999840992208618,True,0.05769085884094238
23,1,beam3,5723.0,6289.0,8.999840992208618,True,0.08143281936645508
23,1,beam5,5723.0,6289.0,8.999840992208618,True,0.12056875228881836
23,1,beam7,5723.0,6289.0,8.999840992208618,True,0.16734814643859863
23,1,beam10,5723.0,6289.0,8.999840992208618,True,0.22152137756347656
23,2,beam1,3444.0,5772.0,40.33264033264034,True,0.026122570037841797
23,2,beam2,3790.0,5772.0,34.338184338184334,True,0.04273867607116699
23,2,beam3,4200.0,5772.0,27.234927234927238,True,0.05744481086730957
23,2,beam5,4445.0,5772.0,22.99029799029799,True,0.07773113250732422
23,2,beam7,4445.0,5772.0,22.99029799029799,True,0.10910892486572266
23,2,beam10,4445.0,5772.0,22.99029799029799,True,0.15809416770935059
24,0,beam1,1396.0,5681.0,75.4268614680514,True,0.011446237564086914
24,0,beam2,4936.0,5681.0,13.113888399929591,True,0.03158283233642578
24,0,beam3,4936.0,5681.0,13.113888399929591,True,0.04810047149658203
24,0,beam5,4936.0,5681.0,13.113888399929591,True,0.08550739288330078
24,0,beam7,4936.0,5681.0,13.113888399929591,True,0.10968518257141113
24,0,beam10,4936.0,5681.0,13.113888399929591,True,0.15132546424865723
24,1,beam1,5203.0,5203.0,0.0,True,0.03148078918457031
24,1,beam2,4034.0,5203.0,22.46780703440323,True,0.0408329963684082
24,1,beam3,4034.0,5203.0,22.46780703440323,True,0.0619359016418457
24,1,beam5,4144.0,5203.0,20.35364212954065,True,0.09718608856201172
24,1,beam7,4621.0,5203.0,11.185854314818373,True,0.13059711456298828
24,1,beam10,4621.0,5203.0,11.185854314818373,True,0.17693233489990234
24,2,beam1,1893.0,5406.0,64.98335183129855,True,0.011502265930175781
24,2,beam2,3558.0,5406.0,34.184239733629305,True,0.03220844268798828
24,2,beam3,3161.0,5406.0,41.52793192748798,True,0.04397296905517578
24,2,beam5,4734.0,5406.0,12.430632630410656,True,0.07916450500488281
24,2,beam7,5406.0,5406.0,0.0,True,0.11105895042419434
24,2,beam10,5406.0,5406.0,0.0,True,0.14993548393249512
25,0,beam1,1024.0,1484.0,30.997304582210244,True,0.016450881958007812
25,0,beam2,1484.0,1484.0,0.0,True,0.02060699462890625
25,0,beam3,1484.0,1484.0,0.0,True,0.030292987823486328
25,0,beam5,1484.0,1484.0,0.0,True,0.04511547088623047
25,0,beam7,1484.0,1484.0,0.0,True,0.06554746627807617
25,0,beam10,1484.0,1484.0,0.0,True,0.08759236335754395
25,1,beam1,44.0,1900.0,97.68421052631578,True,0.010988235473632812
25,1,beam2,1900.0,1900.0,0.0,True,0.02057957649230957
25,1,beam3,1900.0,1900.0,0.0,True,0.03557443618774414
25,1,beam5,1900.0,1900.0,0.0,True,0.05063152313232422
25,1,beam7,1900.0,1900.0,0.0,True,0.07284903526306152
25,1,beam10,1900.0,1900.0,0.0,True,0.08861827850341797
25,2,beam1,1186.0,1687.0,29.69768820391227,True,0.016500473022460938
25,2,beam2,1687.0,1687.0,0.0,True,0.021972179412841797
25,2,beam3,1687.0,1687.0,0.0,True,0.03270435333251953
25,2,beam5,1687.0,1687.0,0.0,True,0.046677350997924805
25,2,beam7,1687.0,1687.0,0.0,True,0.0766439437866211
25,2,beam10,1687.0,1687.0,0.0,True,0.0894920825958252
26,0,beam1,2400.0,4791.0,49.906073888541016,True,0.01650547981262207
26,0,beam2,4053.0,4791.0,15.403882279273637,True,0.038222551345825195
26,0,beam3,4053.0,4791.0,15.403882279273637,True,0.04911518096923828
26,0,beam5,4131.0,4791.0,13.775829680651222,True,0.07900428771972656
26,0,beam7,4573.0,4791.0,4.5501982884575245,True,0.10924839973449707
26,0,beam10,4131.0,4791.0,13.775829680651222,True,0.14608144760131836
26,1,beam1,1560.0,4931.0,68.36341512877712,True,0.011039257049560547
26,1,beam2,3533.0,4931.0,28.35124721151896,True,0.02603006362915039
26,1,beam3,3533.0,4931.0,28.35124721151896,True,0.03150510787963867
26,1,beam5,3533.0,4931.0,28.35124721151896,True,0.04658079147338867
26,1,beam7,4094.0,4931.0,16.97424457513689,True,0.09202313423156738
26,1,beam10,4094.0,4931.0,16.97424457513689,True,0.1288003921508789
26,2,beam1,2349.0,4635.0,49.320388349514566,True,0.016417503356933594
26,2,beam2,3156.0,4635.0,31.909385113268605,True,0.027445316314697266
26,2,beam3,3538.0,4635.0,23.66774541531823,True,0.03155875205993652
26,2,beam5,3665.0,4635.0,20.927723840345198,True,0.06285715103149414
26,2,beam7,4272.0,4635.0,7.831715210355987,True,0.09389829635620117
26,2,beam10,4029.0,4635.0,13.074433656957929,True,0.11868715286254883
27,0,beam1,1908.0,5106.0,62.632197414806114,True,0.011214017868041992
27,0,beam2,4092.0,5106.0,19.858989424206815,True,0.031592607498168945
27,0,beam3,4092.0,5106.0,19.858989424206815,True,0.04655098915100098
27,0,beam5,4092.0,5106.0,19.858989424206815,True,0.0711066722869873
27,0,beam7,4885.0,5106.0,4.328241284763024,True,0.10242891311645508
27,0,beam10,4885.0,5106.0,4.328241284763024,True,0.14175128936767578
27,1,beam1,1151.0,4852.0,76.27782357790602,True,0.010896444320678711
27,1,beam2,3678.0,4852.0,24.1962077493817,True,0.03154158592224121
27,1,beam3,3735.0,4852.0,23.021434460016486,True,0.045685529708862305
27,1,beam5,3735.0,4852.0,23.021434460016486,True,0.06506133079528809
27,1,beam7,3245.0,4852.0,33.12036273701566,True,0.07895326614379883
27,1,beam10,3735.0,4852.0,23.021434460016486,True,0.11198019981384277
27,2,beam1,2454.0,4987.0,50.79205935432124,True,0.01651144027709961
27,2,beam2,4151.0,4987.0,16.76358532183678,True,0.03151822090148926
27,2,beam3,3503.0,4987.0,29.75736915981552,True,0.03889274597167969
27,2,beam5,4151.0,4987.0,16.76358532183678,True,0.06161189079284668
27,2,beam7,4318.0,4987.0,13.414878684579909,True,0.09147286415100098
27,2,beam10,4318.0,4987.0,13.414878684579909,True,0.11765193939208984
28,0,beam1,4526.0,5328.0,15.052552552552553,True,0.026064395904541016
28,0,beam2,4707.0,5328.0,11.655405405405405,True,0.04642510414123535
28,0,beam3,4772.0,5328.0,10.435435435435435,True,0.06134319305419922
28,0,beam5,4946.0,5328.0,7.169669669669669,True,0.10523486137390137
28,0,beam7,4946.0,5328.0,7.169669669669669,True,0.1383528709411621
28,0,beam10,4946.0,5328.0,7.169669669669669,True,0.17696595191955566
28,1,beam1,1700.0,5272.0,67.75417298937785,True,0.016457796096801758
28,1,beam2,4593.0,5272.0,12.879362670713201,True,0.04878973960876465
28,1,beam3,3313.0,5272.0,37.15857359635812,True,0.05954289436340332
28,1,beam5,4454.0,5272.0,15.515933232169953,True,0.10726547241210938
28,1,beam7,4733.0,5272.0,10.223823975720789,True,0.1322498321533203
28,1,beam10,4733.0,5272.0,10.223823975720789,True,0.18274426460266113
28,2,beam1,2010.0,5096.0,60.557299843014135,True,0.016492843627929688
28,2,beam2,3355.0,5096.0,34.164050235478804,True,0.0435786247253418
28,2,beam3,3869.0,5096.0,24.077708006279437,True,0.0646054744720459
28,2,beam5,4754.0,5096.0,6.7111459968602825,True,0.11369776725769043
28,2,beam7,4754.0,5096.0,6.7111459968602825,True,0.134735107421875
28,2,beam10,4468.0,5096.0,12.323390894819466,True,0.17365288734436035
29,0,beam1,2012.0,2994.0,32.79893119572478,True,0.016451597213745117
29,0,beam2,2522.0,2994.0,15.764863059452239,True,0.032180070877075195
29,0,beam3,2637.0,2994.0,11.923847695390782,True,0.045588016510009766
29,0,beam5,2755.0,2994.0,7.982631930527723,True,0.07236433029174805
29,0,beam7,2796.0,2994.0,6.613226452905812,True,0.10666728019714355
29,0,beam10,2994.0,2994.0,0.0,True,0.14593267440795898
29,1,beam1,1306.0,3951.0,66.94507719564668,True,0.010975360870361328
29,1,beam2,3951.0,3951.0,0.0,True,0.036966800689697266
29,1,beam3,3778.0,3951.0,4.378638319412807,True,0.05740690231323242
29,1,beam5,3731.0,3951.0,5.568210579600101,True,0.06062054634094238
29,1,beam7,3946.0,3951.0,0.12655024044545685,True,0.08473634719848633
29,1,beam10,3946.0,3951.0,0.12655024044545685,True,0.12140846252441406
29,2,beam1,1253.0,4136.0,69.70502901353966,True,0.011011600494384766
29,2,beam2,3770.0,4136.0,8.849129593810446,True,0.03161811828613281
29,2,beam3,3382.0,4136.0,18.23017408123791,True,0.041886329650878906
29,2,beam5,3382.0,4136.0,18.23017408123791,True,0.06552004814147949
29,2,beam7,3382.0,4136.0,18.23017408123791,True,0.09039425849914551
29,2,beam10,3382.0,4136.0,18.23017408123791,True,0.12239313125610352
30,0,beam1,2378.0,5039.0,52.80809684461203,True,0.021979093551635742
30,0,beam2,4334.0,5039.0,13.990871204604089,True,0.0534207820892334
30,0,beam3,4809.0,5039.0,4.564397697955943,True,0.07236027717590332
30,0,beam5,4114.0,5039.0,18.356816828735862,True,0.09344696998596191
30,0,beam7,4308.0,5039.0,14.506846596546936,True,0.12274312973022461
30,0,beam10,4769.0,5039.0,5.358205993252629,True,0.18595528602600098
30,1,beam1,2518.0,5257.0,52.10195929237208,True,0.017868757247924805
30,1,beam2,3346.0,5257.0,36.35153129161118,True,0.03450775146484375
30,1,beam3,4799.0,5257.0,8.712193266121362,True,0.05366706848144531
30,1,beam5,4847.0,5257.0,7.7991249762221795,True,0.10236239433288574
30,1,beam7,4847.0,5257.0,7.7991249762221795,True,0.1259019374847412
30,1,beam10,5257.0,5257.0,0.0,True,0.21801280975341797
30,2,beam1,4380.0,5274.0,16.95108077360637,True,0.026134490966796875
30,2,beam2,4380.0,5274.0,16.95108077360637,True,0.03705859184265137
30,2,beam3,4711.0,5274.0,10.67500948047023,True,0.05747556686401367
30,2,beam5,4711.0,5274.0,10.67500948047023,True,0.09955573081970215
30,2,beam7,4971.0,5274.0,5.7451649601820245,True,0.13004589080810547
30,2,beam10,4680.0,5274.0,11.262798634812286,True,0.18425369262695312
31,0,beam1,2064.0,6654.0,68.98106402164112,True,0.010932207107543945
31,0,beam2,4211.0,6654.0,36.71475804027652,True,0.05471968650817871
31,0,beam3,4957.0,6654.0,25.50345656747821,True,0.06841444969177246
31,0,beam5,4957.0,6654.0,25.50345656747821,True,0.10352635383605957
31,0,beam7,4957.0,6654.0,25.50345656747821,True,0.14748454093933105
31,0,beam10,5453.0,6654.0,18.049293657950106,True,0.21537518501281738
31,1,beam1,4420.0,5965.0,25.901089689857503,True,0.02626514434814453
31,1,beam2,4304.0,5965.0,27.845766974015092,True,0.04129672050476074
31,1,beam3,4618.0,5965.0,22.581726739312657,True,0.06694579124450684
31,1,beam5,4618.0,5965.0,22.581726739312657,True,0.10425901412963867
31,1,beam7,5341.0,5965.0,10.461022632020118,True,0.15830421447753906
31,1,beam10,5341.0,5965.0,10.461022632020118,True,0.22730445861816406
31,2,beam1,1838.0,6061.0,69.67497112687676,True,0.011437177658081055
31,2,beam2,3977.0,6061.0,34.38376505527141,True,0.04333758354187012
31,2,beam3,5667.0,6061.0,6.500577462464941,True,0.06978011131286621
31,2,beam5,5758.0,6061.0,4.9991750536215145,True,0.11452770233154297
31,2,beam7,5758.0,6061.0,4.9991750536215145,True,0.16473174095153809
31,2,beam10,5758.0,6061.0,4.9991750536215145,True,0.22355341911315918
32,0,beam1,4835.0,6006.0,19.497169497169498,True,0.03361368179321289
32,0,beam2,5198.0,6006.0,13.453213453213452,True,0.061360836029052734
32,0,beam3,4474.0,6006.0,25.50782550782551,True,0.05217623710632324
32,0,beam5,4596.0,6006.0,23.476523476523475,True,0.09366202354431152
32,0,beam7,4474.0,6006.0,25.50782550782551,True,0.11487603187561035
32,0,beam10,4474.0,6006.0,25.50782550782551,True,0.16665029525756836
32,1,beam1,5249.0,5575.0,5.8475336322869955,True,0.0368955135345459
32,1,beam2,5086.0,5575.0,8.771300448430493,True,0.036919355392456055
32,1,beam3,5086.0,5575.0,8.771300448430493,True,0.06274676322937012
32,1,beam5,5086.0,5575.0,8.771300448430493,True,0.10228085517883301
32,1,beam7,4347.0,5575.0,22.026905829596412,True,0.1184086799621582
32,1,beam10,5347.0,5575.0,4.089686098654709,True,0.17897748947143555
32,2,beam1,4357.0,6087.0,28.42122556267455,True,0.02833080291748047
32,2,beam2,4191.0,6087.0,31.148348940364713,True,0.03698563575744629
32,2,beam3,4191.0,6087.0,31.148348940364713,True,0.05189943313598633
32,2,beam5,4717.0,6087.0,22.50698209298505,True,0.09063005447387695
32,2,beam7,4717.0,6087.0,22.50698209298505,True,0.12752223014831543
32,2,beam10,4717.0,6087.0,22.50698209298505,True,0.17617130279541016
33,0,beam1,2057.0,2845.0,27.697715289982426,True,0.01650857925415039
33,0,beam2,2596.0,2845.0,8.752196836555362,True,0.026081323623657227
33,0,beam3,2845.0,2845.0,0.0,True,0.03565359115600586
33,0,beam5,2845.0,2845.0,0.0,True,0.060289859771728516
33,0,beam7,2845.0,2845.0,0.0,True,0.07923698425292969
33,0,beam10,2845.0,2845.0,0.0,True,0.09283709526062012
33,1,beam1,3328.0,3957.0,15.89588071771544,True,0.02074575424194336
33,1,beam2,3957.0,3957.0,0.0,True,0.035622358322143555
33,1,beam3,3957.0,3957.0,0.0,True,0.05046820640563965
33,1,beam5,3957.0,3957.0,0.0,True,0.07253837585449219
33,1,beam7,3957.0,3957.0,0.0,True,0.08089923858642578
33,1,beam10,3957.0,3957.0,0.0,True,0.08927369117736816
33,2,beam1,2663.0,4348.0,38.75344986200552,True,0.01639866828918457
33,2,beam2,2742.0,4348.0,36.93652253909844,True,0.030133724212646484
33,2,beam3,2742.0,4348.0,36.93652253909844,True,0.04512310028076172
33,2,beam5,4348.0,4348.0,0.0,True,0.06023836135864258
33,2,beam7,4348.0,4348.0,0.0,True,0.07427692413330078
33,2,beam10,4348.0,4348.0,0.0,True,0.08194684982299805
34,0,beam1,4569.0,6173.0,25.98412441276527,True,0.026075363159179688
34,0,beam2,5468.0,6173.0,11.420703061720396,True,0.05190443992614746
34,0,beam3,5598.0,6173.0,9.314757816296776,True,0.0819091796875
34,0,beam5,5192.0,6173.0,15.891786813542849,True,0.11725568771362305
34,0,beam7,5192.0,6173.0,15.891786813542849,True,0.16337275505065918
34,0,beam10,5192.0,6173.0,15.891786813542849,True,0.22246241569519043
34,1,beam1,3201.0,5675.0,43.59471365638766,True,0.022929906845092773
34,1,beam2,4996.0,5675.0,11.964757709251101,True,0.05722689628601074
34,1,beam3,5105.0,5675.0,10.044052863436123,True,0.06828761100769043
34,1,beam5,5473.0,5675.0,3.5594713656387666,True,0.12543559074401855
34,1,beam7,4860.0,5675.0,14.36123348017621,True,0.12172794342041016
34,1,beam10,4860.0,5675.0,14.36123348017621,True,0.18110227584838867
34,2,beam1,2431.0,6095.0,60.114848236259235,True,0.010947227478027344
34,2,beam2,5106.0,6095.0,16.22641509433962,True,0.04114365577697754
34,2,beam3,5565.0,6095.0,8.695652173913043,True,0.07105565071105957
34,2,beam5,5489.0,6095.0,9.942575881870386,True,0.11451506614685059
34,2,beam7,5028.0,6095.0,17.506152584085317,True,0.12181496620178223
34,2,beam10,5028.0,6095.0,17.506152584085317,True,0.17122173309326172
